type,odds,point,commence_time,home_team,away_team,bookmaker_key,bookmaker_last_update,home_offense_rank,home_points_for,home_defense_rank,home_points_against,away_offense_rank,away_points_for,away_defense_rank,away_points_against,actual_total,week,predicted_total,prediction_correct
Over,1.89,48.5,2024-12-13 01:15:00+00:00,San Francisco 49ers,Los Angeles Rams,draftkings,2024-12-12 00:36:51+00:00,11,23.7,21,23.7,16,22.9,24,25.5,,15,,
Over,1.91,48.5,2024-12-13 01:15:00+00:00,San Francisco 49ers,Los Angeles Rams,betus,2024-12-12 00:36:52+00:00,11,23.7,21,23.7,16,22.9,24,25.5,,15,,
Over,1.95,49.5,2024-12-13 01:15:00+00:00,San Francisco 49ers,Los Angeles Rams,fanduel,2024-12-12 00:37:38+00:00,11,23.7,21,23.7,16,22.9,24,25.5,,15,,
Over,1.91,48.5,2024-12-13 01:15:00+00:00,San Francisco 49ers,Los Angeles Rams,mybookieag,2024-12-12 00:36:06+00:00,11,23.7,21,23.7,16,22.9,24,25.5,,15,,
Over,1.88,48.5,2024-12-13 01:15:00+00:00,San Francisco 49ers,Los Angeles Rams,lowvig,2024-12-12 00:36:51+00:00,11,23.7,21,23.7,16,22.9,24,25.5,,15,,
Over,1.87,48.5,2024-12-13 01:15:00+00:00,San Francisco 49ers,Los Angeles Rams,betonlineag,2024-12-12 00:37:49+00:00,11,23.7,21,23.7,16,22.9,24,25.5,,15,,
Over,1.91,48.5,2024-12-13 01:15:00+00:00,San Francisco 49ers,Los Angeles Rams,betrivers,2024-12-12 00:36:51+00:00,11,23.7,21,23.7,16,22.9,24,25.5,,15,,
Over,1.91,48.5,2024-12-13 01:15:00+00:00,San Francisco 49ers,Los Angeles Rams,betmgm,2024-12-12 00:36:51+00:00,11,23.7,21,23.7,16,22.9,24,25.5,,15,,
Over,1.91,48.5,2024-12-13 01:15:00+00:00,San Francisco 49ers,Los Angeles Rams,bovada,2024-12-12 00:36:51+00:00,11,23.7,21,23.7,16,22.9,24,25.5,,15,,
Over,1.91,42.5,2024-12-15 18:00:00+00:00,New York Giants,Baltimore Ravens,draftkings,2024-12-12 00:36:51+00:00,32,14.9,16,22.5,3,29.5,23,24.5,,15,,
Over,1.91,42.5,2024-12-15 18:00:00+00:00,New York Giants,Baltimore Ravens,fanduel,2024-12-12 00:37:38+00:00,32,14.9,16,22.5,3,29.5,23,24.5,,15,,
Over,1.91,42.5,2024-12-15 18:00:00+00:00,New York Giants,Baltimore Ravens,betonlineag,2024-12-12 00:37:49+00:00,32,14.9,16,22.5,3,29.5,23,24.5,,15,,
Over,1.93,42.5,2024-12-15 18:00:00+00:00,New York Giants,Baltimore Ravens,lowvig,2024-12-12 00:36:51+00:00,32,14.9,16,22.5,3,29.5,23,24.5,,15,,
Over,1.91,42.5,2024-12-15 18:00:00+00:00,New York Giants,Baltimore Ravens,betus,2024-12-12 00:36:52+00:00,32,14.9,16,22.5,3,29.5,23,24.5,,15,,
Over,1.91,42.5,2024-12-15 18:00:00+00:00,New York Giants,Baltimore Ravens,mybookieag,2024-12-12 00:36:06+00:00,32,14.9,16,22.5,3,29.5,23,24.5,,15,,
Over,1.89,42.5,2024-12-15 18:00:00+00:00,New York Giants,Baltimore Ravens,betrivers,2024-12-12 00:36:51+00:00,32,14.9,16,22.5,3,29.5,23,24.5,,15,,
Over,1.91,43.0,2024-12-15 18:00:00+00:00,New York Giants,Baltimore Ravens,betmgm,2024-12-12 00:36:51+00:00,32,14.9,16,22.5,3,29.5,23,24.5,,15,,
Over,1.91,42.5,2024-12-15 18:00:00+00:00,New York Giants,Baltimore Ravens,bovada,2024-12-12 00:36:51+00:00,32,14.9,16,22.5,3,29.5,23,24.5,,15,,
Over,1.91,43.0,2024-12-15 18:00:00+00:00,Carolina Panthers,Dallas Cowboys,draftkings,2024-12-12 00:36:51+00:00,28,17.9,32,29.8,21,20.6,31,28.2,,15,,
Over,1.83,42.5,2024-12-15 18:00:00+00:00,Carolina Panthers,Dallas Cowboys,fanduel,2024-12-12 00:37:38+00:00,28,17.9,32,29.8,21,20.6,31,28.2,,15,,
Over,1.93,43.0,2024-12-15 18:00:00+00:00,Carolina Panthers,Dallas Cowboys,lowvig,2024-12-12 00:36:51+00:00,28,17.9,32,29.8,21,20.6,31,28.2,,15,,
Over,1.91,43.0,2024-12-15 18:00:00+00:00,Carolina Panthers,Dallas Cowboys,betonlineag,2024-12-12 00:37:49+00:00,28,17.9,32,29.8,21,20.6,31,28.2,,15,,
Over,1.91,43.0,2024-12-15 18:00:00+00:00,Carolina Panthers,Dallas Cowboys,betus,2024-12-12 00:36:52+00:00,28,17.9,32,29.8,21,20.6,31,28.2,,15,,
Over,1.91,43.0,2024-12-15 18:00:00+00:00,Carolina Panthers,Dallas Cowboys,mybookieag,2024-12-12 00:36:06+00:00,28,17.9,32,29.8,21,20.6,31,28.2,,15,,
Over,1.89,43.0,2024-12-15 18:00:00+00:00,Carolina Panthers,Dallas Cowboys,betrivers,2024-12-12 00:36:51+00:00,28,17.9,32,29.8,21,20.6,31,28.2,,15,,
Over,1.91,43.0,2024-12-15 18:00:00+00:00,Carolina Panthers,Dallas Cowboys,betmgm,2024-12-12 00:36:51+00:00,28,17.9,32,29.8,21,20.6,31,28.2,,15,,
Over,1.91,43.0,2024-12-15 18:00:00+00:00,Carolina Panthers,Dallas Cowboys,bovada,2024-12-12 00:36:51+00:00,28,17.9,32,29.8,21,20.6,31,28.2,,15,,
Over,1.87,46.5,2024-12-15 18:00:00+00:00,Tennessee Titans,Cincinnati Bengals,draftkings,2024-12-12 00:36:51+00:00,30,17.5,27,26.3,6,27.8,29,27.7,,15,,
Over,1.91,46.5,2024-12-15 18:00:00+00:00,Tennessee Titans,Cincinnati Bengals,betus,2024-12-12 00:36:52+00:00,30,17.5,27,26.3,6,27.8,29,27.7,,15,,
Over,1.87,46.5,2024-12-15 18:00:00+00:00,Tennessee Titans,Cincinnati Bengals,fanduel,2024-12-12 00:37:38+00:00,30,17.5,27,26.3,6,27.8,29,27.7,,15,,
Over,1.98,47.0,2024-12-15 18:00:00+00:00,Tennessee Titans,Cincinnati Bengals,lowvig,2024-12-12 00:36:51+00:00,30,17.5,27,26.3,6,27.8,29,27.7,,15,,
Over,1.95,47.0,2024-12-15 18:00:00+00:00,Tennessee Titans,Cincinnati Bengals,betonlineag,2024-12-12 00:37:49+00:00,30,17.5,27,26.3,6,27.8,29,27.7,,15,,
Over,1.91,46.5,2024-12-15 18:00:00+00:00,Tennessee Titans,Cincinnati Bengals,mybookieag,2024-12-12 00:36:06+00:00,30,17.5,27,26.3,6,27.8,29,27.7,,15,,
Over,1.92,47.0,2024-12-15 18:00:00+00:00,Tennessee Titans,Cincinnati Bengals,betrivers,2024-12-12 00:36:51+00:00,30,17.5,27,26.3,6,27.8,29,27.7,,15,,
Over,1.91,47.0,2024-12-15 18:00:00+00:00,Tennessee Titans,Cincinnati Bengals,betmgm,2024-12-12 00:36:51+00:00,30,17.5,27,26.3,6,27.8,29,27.7,,15,,
Over,1.91,46.5,2024-12-15 18:00:00+00:00,Tennessee Titans,Cincinnati Bengals,bovada,2024-12-12 00:36:51+00:00,30,17.5,27,26.3,6,27.8,29,27.7,,15,,
Over,1.93,44.0,2024-12-15 18:00:00+00:00,Cleveland Browns,Kansas City Chiefs,draftkings,2024-12-12 00:36:51+00:00,29,17.8,26,25.8,11,23.7,7,19.4,,15,,
Over,1.91,44.0,2024-12-15 18:00:00+00:00,Cleveland Browns,Kansas City Chiefs,betus,2024-12-12 00:36:52+00:00,29,17.8,26,25.8,11,23.7,7,19.4,,15,,
Over,1.95,44.5,2024-12-15 18:00:00+00:00,Cleveland Browns,Kansas City Chiefs,fanduel,2024-12-12 00:37:38+00:00,29,17.8,26,25.8,11,23.7,7,19.4,,15,,
Over,1.87,43.5,2024-12-15 18:00:00+00:00,Cleveland Browns,Kansas City Chiefs,betonlineag,2024-12-12 00:37:49+00:00,29,17.8,26,25.8,11,23.7,7,19.4,,15,,
Over,1.88,43.5,2024-12-15 18:00:00+00:00,Cleveland Browns,Kansas City Chiefs,lowvig,2024-12-12 00:36:51+00:00,29,17.8,26,25.8,11,23.7,7,19.4,,15,,
Over,1.91,44.0,2024-12-15 18:00:00+00:00,Cleveland Browns,Kansas City Chiefs,mybookieag,2024-12-12 00:36:06+00:00,29,17.8,26,25.8,11,23.7,7,19.4,,15,,
Over,1.89,44.0,2024-12-15 18:00:00+00:00,Cleveland Browns,Kansas City Chiefs,betrivers,2024-12-12 00:36:51+00:00,29,17.8,26,25.8,11,23.7,7,19.4,,15,,
Over,1.91,44.0,2024-12-15 18:00:00+00:00,Cleveland Browns,Kansas City Chiefs,betmgm,2024-12-12 00:36:51+00:00,29,17.8,26,25.8,11,23.7,7,19.4,,15,,
Over,1.91,44.0,2024-12-15 18:00:00+00:00,Cleveland Browns,Kansas City Chiefs,bovada,2024-12-12 00:36:51+00:00,29,17.8,26,25.8,11,23.7,7,19.4,,15,,
Over,1.93,47.0,2024-12-15 18:00:00+00:00,Houston Texans,Miami Dolphins,draftkings,2024-12-12 00:36:51+00:00,11,23.7,12,22.2,23,20.3,14,22.5,,15,,
Over,1.87,46.5,2024-12-15 18:00:00+00:00,Houston Texans,Miami Dolphins,fanduel,2024-12-12 00:37:38+00:00,11,23.7,12,22.2,23,20.3,14,22.5,,15,,
Over,1.91,46.5,2024-12-15 18:00:00+00:00,Houston Texans,Miami Dolphins,betonlineag,2024-12-12 00:37:49+00:00,11,23.7,12,22.2,23,20.3,14,22.5,,15,,
Over,1.93,46.5,2024-12-15 18:00:00+00:00,Houston Texans,Miami Dolphins,lowvig,2024-12-12 00:36:51+00:00,11,23.7,12,22.2,23,20.3,14,22.5,,15,,
Over,1.91,46.5,2024-12-15 18:00:00+00:00,Houston Texans,Miami Dolphins,betus,2024-12-12 00:36:52+00:00,11,23.7,12,22.2,23,20.3,14,22.5,,15,,
Over,1.91,47.0,2024-12-15 18:00:00+00:00,Houston Texans,Miami Dolphins,mybookieag,2024-12-12 00:36:06+00:00,11,23.7,12,22.2,23,20.3,14,22.5,,15,,
Over,1.93,47.0,2024-12-15 18:00:00+00:00,Houston Texans,Miami Dolphins,betrivers,2024-12-12 00:36:51+00:00,11,23.7,12,22.2,23,20.3,14,22.5,,15,,
Over,1.91,47.0,2024-12-15 18:00:00+00:00,Houston Texans,Miami Dolphins,betmgm,2024-12-12 00:36:51+00:00,11,23.7,12,22.2,23,20.3,14,22.5,,15,,
Over,1.91,46.5,2024-12-15 18:00:00+00:00,Houston Texans,Miami Dolphins,bovada,2024-12-12 00:36:51+00:00,11,23.7,12,22.2,23,20.3,14,22.5,,15,,
Over,1.93,40.5,2024-12-15 18:00:00+00:00,Jacksonville Jaguars,New York Jets,draftkings,2024-12-12 00:36:51+00:00,26,18.3,28,26.5,25,19.3,19,23.1,,15,,
Over,1.95,40.5,2024-12-15 18:00:00+00:00,Jacksonville Jaguars,New York Jets,fanduel,2024-12-12 00:37:38+00:00,26,18.3,28,26.5,25,19.3,19,23.1,,15,,
Over,1.88,40.5,2024-12-15 18:00:00+00:00,Jacksonville Jaguars,New York Jets,betonlineag,2024-12-12 00:37:49+00:00,26,18.3,28,26.5,25,19.3,19,23.1,,15,,
Over,1.91,40.5,2024-12-15 18:00:00+00:00,Jacksonville Jaguars,New York Jets,lowvig,2024-12-12 00:36:51+00:00,26,18.3,28,26.5,25,19.3,19,23.1,,15,,
Over,1.91,40.5,2024-12-15 18:00:00+00:00,Jacksonville Jaguars,New York Jets,betus,2024-12-12 00:36:52+00:00,26,18.3,28,26.5,25,19.3,19,23.1,,15,,
Over,1.91,40.5,2024-12-15 18:00:00+00:00,Jacksonville Jaguars,New York Jets,mybookieag,2024-12-12 00:36:06+00:00,26,18.3,28,26.5,25,19.3,19,23.1,,15,,
Over,1.91,40.5,2024-12-15 18:00:00+00:00,Jacksonville Jaguars,New York Jets,betrivers,2024-12-12 00:36:51+00:00,26,18.3,28,26.5,25,19.3,19,23.1,,15,,
Over,1.91,40.5,2024-12-15 18:00:00+00:00,Jacksonville Jaguars,New York Jets,betmgm,2024-12-12 00:36:51+00:00,26,18.3,28,26.5,25,19.3,19,23.1,,15,,
Over,1.87,40.5,2024-12-15 18:00:00+00:00,Jacksonville Jaguars,New York Jets,bovada,2024-12-12 00:36:51+00:00,26,18.3,28,26.5,25,19.3,19,23.1,,15,,
Over,1.95,43.5,2024-12-15 18:00:00+00:00,New Orleans Saints,Washington Commanders,draftkings,2024-12-12 00:36:51+00:00,17,22.3,14,22.5,4,28.9,17,22.8,,15,,
Over,1.91,43.0,2024-12-15 18:00:00+00:00,New Orleans Saints,Washington Commanders,betus,2024-12-12 00:36:52+00:00,17,22.3,14,22.5,4,28.9,17,22.8,,15,,
Over,1.95,43.5,2024-12-15 18:00:00+00:00,New Orleans Saints,Washington Commanders,fanduel,2024-12-12 00:37:38+00:00,17,22.3,14,22.5,4,28.9,17,22.8,,15,,
Over,1.91,43.5,2024-12-15 18:00:00+00:00,New Orleans Saints,Washington Commanders,betonlineag,2024-12-12 00:37:49+00:00,17,22.3,14,22.5,4,28.9,17,22.8,,15,,
Over,1.93,43.5,2024-12-15 18:00:00+00:00,New Orleans Saints,Washington Commanders,lowvig,2024-12-12 00:36:51+00:00,17,22.3,14,22.5,4,28.9,17,22.8,,15,,
Over,1.91,43.0,2024-12-15 18:00:00+00:00,New Orleans Saints,Washington Commanders,mybookieag,2024-12-12 00:36:06+00:00,17,22.3,14,22.5,4,28.9,17,22.8,,15,,
Over,1.89,43.0,2024-12-15 18:00:00+00:00,New Orleans Saints,Washington Commanders,betrivers,2024-12-12 00:36:51+00:00,17,22.3,14,22.5,4,28.9,17,22.8,,15,,
Over,1.91,43.0,2024-12-15 18:00:00+00:00,New Orleans Saints,Washington Commanders,betmgm,2024-12-12 00:36:51+00:00,17,22.3,14,22.5,4,28.9,17,22.8,,15,,
Over,1.91,43.5,2024-12-15 18:00:00+00:00,New Orleans Saints,Washington Commanders,bovada,2024-12-12 00:36:51+00:00,17,22.3,14,22.5,4,28.9,17,22.8,,15,,
Over,1.89,46.0,2024-12-15 21:25:00+00:00,Arizona Cardinals,New England Patriots,draftkings,2024-12-12 00:36:51+00:00,18,21.8,13,22.2,31,17.0,20,23.6,,15,,
Over,1.91,46.0,2024-12-15 21:25:00+00:00,Arizona Cardinals,New England Patriots,betus,2024-12-12 00:36:52+00:00,18,21.8,13,22.2,31,17.0,20,23.6,,15,,
Over,1.96,46.5,2024-12-15 21:25:00+00:00,Arizona Cardinals,New England Patriots,fanduel,2024-12-12 00:37:38+00:00,18,21.8,13,22.2,31,17.0,20,23.6,,15,,
Over,1.93,46.0,2024-12-15 21:25:00+00:00,Arizona Cardinals,New England Patriots,lowvig,2024-12-12 00:36:51+00:00,18,21.8,13,22.2,31,17.0,20,23.6,,15,,
Over,1.91,46.0,2024-12-15 21:25:00+00:00,Arizona Cardinals,New England Patriots,betonlineag,2024-12-12 00:37:49+00:00,18,21.8,13,22.2,31,17.0,20,23.6,,15,,
Over,1.91,46.0,2024-12-15 21:25:00+00:00,Arizona Cardinals,New England Patriots,mybookieag,2024-12-12 00:36:06+00:00,18,21.8,13,22.2,31,17.0,20,23.6,,15,,
Over,1.92,46.0,2024-12-15 21:25:00+00:00,Arizona Cardinals,New England Patriots,betrivers,2024-12-12 00:36:51+00:00,18,21.8,13,22.2,31,17.0,20,23.6,,15,,
Over,1.91,46.0,2024-12-15 21:25:00+00:00,Arizona Cardinals,New England Patriots,betmgm,2024-12-12 00:36:51+00:00,18,21.8,13,22.2,31,17.0,20,23.6,,15,,
Over,1.87,46.0,2024-12-15 21:25:00+00:00,Arizona Cardinals,New England Patriots,bovada,2024-12-12 00:36:51+00:00,18,21.8,13,22.2,31,17.0,20,23.6,,15,,
Over,1.91,54.5,2024-12-15 21:25:00+00:00,Detroit Lions,Buffalo Bills,draftkings,2024-12-12 00:36:51+00:00,1,32.1,2,18.0,2,30.5,8,20.6,,15,,
Over,1.95,54.5,2024-12-15 21:25:00+00:00,Detroit Lions,Buffalo Bills,fanduel,2024-12-12 00:37:38+00:00,1,32.1,2,18.0,2,30.5,8,20.6,,15,,
Over,1.98,54.5,2024-12-15 21:25:00+00:00,Detroit Lions,Buffalo Bills,lowvig,2024-12-12 00:36:51+00:00,1,32.1,2,18.0,2,30.5,8,20.6,,15,,
Over,1.95,54.5,2024-12-15 21:25:00+00:00,Detroit Lions,Buffalo Bills,betonlineag,2024-12-12 00:37:49+00:00,1,32.1,2,18.0,2,30.5,8,20.6,,15,,
Over,1.91,54.5,2024-12-15 21:25:00+00:00,Detroit Lions,Buffalo Bills,betus,2024-12-12 00:36:52+00:00,1,32.1,2,18.0,2,30.5,8,20.6,,15,,
Over,1.91,54.5,2024-12-15 21:25:00+00:00,Detroit Lions,Buffalo Bills,mybookieag,2024-12-12 00:36:06+00:00,1,32.1,2,18.0,2,30.5,8,20.6,,15,,
Over,1.89,54.0,2024-12-15 21:25:00+00:00,Detroit Lions,Buffalo Bills,betrivers,2024-12-12 00:36:51+00:00,1,32.1,2,18.0,2,30.5,8,20.6,,15,,
Over,1.91,54.5,2024-12-15 21:25:00+00:00,Detroit Lions,Buffalo Bills,betmgm,2024-12-12 00:36:51+00:00,1,32.1,2,18.0,2,30.5,8,20.6,,15,,
Over,1.91,54.5,2024-12-15 21:25:00+00:00,Detroit Lions,Buffalo Bills,bovada,2024-12-12 00:36:51+00:00,1,32.1,2,18.0,2,30.5,8,20.6,,15,,
Over,1.89,44.0,2024-12-15 21:25:00+00:00,Denver Broncos,Indianapolis Colts,draftkings,2024-12-12 00:36:51+00:00,14,23.5,2,18.0,22,20.5,18,22.9,,15,,
Over,1.96,44.5,2024-12-15 21:25:00+00:00,Denver Broncos,Indianapolis Colts,fanduel,2024-12-12 00:37:38+00:00,14,23.5,2,18.0,22,20.5,18,22.9,,15,,
Over,1.88,44.0,2024-12-15 21:25:00+00:00,Denver Broncos,Indianapolis Colts,lowvig,2024-12-12 00:36:51+00:00,14,23.5,2,18.0,22,20.5,18,22.9,,15,,
Over,1.87,44.0,2024-12-15 21:25:00+00:00,Denver Broncos,Indianapolis Colts,betonlineag,2024-12-12 00:37:49+00:00,14,23.5,2,18.0,22,20.5,18,22.9,,15,,
Over,1.91,44.0,2024-12-15 21:25:00+00:00,Denver Broncos,Indianapolis Colts,betus,2024-12-12 00:36:52+00:00,14,23.5,2,18.0,22,20.5,18,22.9,,15,,
Over,1.91,44.0,2024-12-15 21:25:00+00:00,Denver Broncos,Indianapolis Colts,mybookieag,2024-12-12 00:36:06+00:00,14,23.5,2,18.0,22,20.5,18,22.9,,15,,
Over,1.93,44.0,2024-12-15 21:25:00+00:00,Denver Broncos,Indianapolis Colts,betrivers,2024-12-12 00:36:51+00:00,14,23.5,2,18.0,22,20.5,18,22.9,,15,,
Over,1.91,44.5,2024-12-15 21:25:00+00:00,Denver Broncos,Indianapolis Colts,betmgm,2024-12-12 00:36:51+00:00,14,23.5,2,18.0,22,20.5,18,22.9,,15,,
Over,1.91,44.0,2024-12-15 21:25:00+00:00,Denver Broncos,Indianapolis Colts,bovada,2024-12-12 00:36:51+00:00,14,23.5,2,18.0,22,20.5,18,22.9,,15,,
Over,1.93,45.5,2024-12-15 21:25:00+00:00,Los Angeles Chargers,Tampa Bay Buccaneers,draftkings,2024-12-12 00:36:51+00:00,20,21.3,1,15.9,5,27.9,22,23.8,,15,,
Over,1.91,45.5,2024-12-15 21:25:00+00:00,Los Angeles Chargers,Tampa Bay Buccaneers,betus,2024-12-12 00:36:52+00:00,20,21.3,1,15.9,5,27.9,22,23.8,,15,,
Over,1.95,45.5,2024-12-15 21:25:00+00:00,Los Angeles Chargers,Tampa Bay Buccaneers,fanduel,2024-12-12 00:37:38+00:00,20,21.3,1,15.9,5,27.9,22,23.8,,15,,
Over,1.93,45.5,2024-12-15 21:25:00+00:00,Los Angeles Chargers,Tampa Bay Buccaneers,lowvig,2024-12-12 00:36:51+00:00,20,21.3,1,15.9,5,27.9,22,23.8,,15,,
Over,1.91,45.5,2024-12-15 21:25:00+00:00,Los Angeles Chargers,Tampa Bay Buccaneers,betonlineag,2024-12-12 00:37:49+00:00,20,21.3,1,15.9,5,27.9,22,23.8,,15,,
Over,1.91,45.0,2024-12-15 21:25:00+00:00,Los Angeles Chargers,Tampa Bay Buccaneers,mybookieag,2024-12-12 00:36:06+00:00,20,21.3,1,15.9,5,27.9,22,23.8,,15,,
Over,1.91,45.0,2024-12-15 21:25:00+00:00,Los Angeles Chargers,Tampa Bay Buccaneers,betrivers,2024-12-12 00:36:51+00:00,20,21.3,1,15.9,5,27.9,22,23.8,,15,,
Over,1.91,45.5,2024-12-15 21:25:00+00:00,Los Angeles Chargers,Tampa Bay Buccaneers,betmgm,2024-12-12 00:36:51+00:00,20,21.3,1,15.9,5,27.9,22,23.8,,15,,
Over,1.91,45.5,2024-12-15 21:25:00+00:00,Los Angeles Chargers,Tampa Bay Buccaneers,bovada,2024-12-12 00:36:51+00:00,20,21.3,1,15.9,5,27.9,22,23.8,,15,,
Over,1.91,42.5,2024-12-15 21:25:00+00:00,Philadelphia Eagles,Pittsburgh Steelers,draftkings,2024-12-12 00:36:51+00:00,8,26.3,2,18.0,10,24.8,5,18.3,,15,,
Over,1.91,42.0,2024-12-15 21:25:00+00:00,Philadelphia Eagles,Pittsburgh Steelers,betus,2024-12-12 00:36:52+00:00,8,26.3,2,18.0,10,24.8,5,18.3,,15,,
Over,1.91,42.5,2024-12-15 21:25:00+00:00,Philadelphia Eagles,Pittsburgh Steelers,fanduel,2024-12-12 00:37:38+00:00,8,26.3,2,18.0,10,24.8,5,18.3,,15,,
Over,1.88,42.0,2024-12-15 21:25:00+00:00,Philadelphia Eagles,Pittsburgh Steelers,betonlineag,2024-12-12 00:37:49+00:00,8,26.3,2,18.0,10,24.8,5,18.3,,15,,
Over,1.91,42.0,2024-12-15 21:25:00+00:00,Philadelphia Eagles,Pittsburgh Steelers,lowvig,2024-12-12 00:36:51+00:00,8,26.3,2,18.0,10,24.8,5,18.3,,15,,
Over,1.91,42.5,2024-12-15 21:25:00+00:00,Philadelphia Eagles,Pittsburgh Steelers,mybookieag,2024-12-12 00:36:06+00:00,8,26.3,2,18.0,10,24.8,5,18.3,,15,,
Over,1.91,42.5,2024-12-15 21:25:00+00:00,Philadelphia Eagles,Pittsburgh Steelers,betrivers,2024-12-12 00:36:51+00:00,8,26.3,2,18.0,10,24.8,5,18.3,,15,,
Over,1.91,42.5,2024-12-15 21:25:00+00:00,Philadelphia Eagles,Pittsburgh Steelers,betmgm,2024-12-12 00:36:51+00:00,8,26.3,2,18.0,10,24.8,5,18.3,,15,,
Over,1.91,42.5,2024-12-15 21:25:00+00:00,Philadelphia Eagles,Pittsburgh Steelers,bovada,2024-12-12 00:36:51+00:00,8,26.3,2,18.0,10,24.8,5,18.3,,15,,
Over,1.89,45.5,2024-12-16 01:20:00+00:00,Seattle Seahawks,Green Bay Packers,draftkings,2024-12-12 00:36:51+00:00,15,23.2,11,21.8,7,26.8,9,21.1,,15,,
Over,1.95,46.0,2024-12-16 01:20:00+00:00,Seattle Seahawks,Green Bay Packers,betus,2024-12-12 00:36:52+00:00,15,23.2,11,21.8,7,26.8,9,21.1,,15,,
Over,1.95,46.5,2024-12-16 01:20:00+00:00,Seattle Seahawks,Green Bay Packers,fanduel,2024-12-12 00:37:38+00:00,15,23.2,11,21.8,7,26.8,9,21.1,,15,,
Over,1.93,45.5,2024-12-16 01:20:00+00:00,Seattle Seahawks,Green Bay Packers,lowvig,2024-12-12 00:36:51+00:00,15,23.2,11,21.8,7,26.8,9,21.1,,15,,
Over,1.91,45.5,2024-12-16 01:20:00+00:00,Seattle Seahawks,Green Bay Packers,betonlineag,2024-12-12 00:37:49+00:00,15,23.2,11,21.8,7,26.8,9,21.1,,15,,
Over,1.91,45.5,2024-12-16 01:20:00+00:00,Seattle Seahawks,Green Bay Packers,mybookieag,2024-12-12 00:36:06+00:00,15,23.2,11,21.8,7,26.8,9,21.1,,15,,
Over,1.89,45.5,2024-12-16 01:20:00+00:00,Seattle Seahawks,Green Bay Packers,betrivers,2024-12-12 00:36:51+00:00,15,23.2,11,21.8,7,26.8,9,21.1,,15,,
Over,1.91,46.0,2024-12-16 01:20:00+00:00,Seattle Seahawks,Green Bay Packers,betmgm,2024-12-12 00:36:51+00:00,15,23.2,11,21.8,7,26.8,9,21.1,,15,,
Over,1.95,46.0,2024-12-16 01:20:00+00:00,Seattle Seahawks,Green Bay Packers,bovada,2024-12-12 00:36:51+00:00,15,23.2,11,21.8,7,26.8,9,21.1,,15,,
Over,1.89,43.5,2024-12-17 01:00:00+00:00,Minnesota Vikings,Chicago Bears,draftkings,2024-12-12 00:36:51+00:00,9,26.1,6,18.5,24,19.5,10,21.4,,15,,
Over,1.93,44.5,2024-12-17 01:00:00+00:00,Minnesota Vikings,Chicago Bears,fanduel,2024-12-12 00:37:38+00:00,9,26.1,6,18.5,24,19.5,10,21.4,,15,,
Over,1.93,43.5,2024-12-17 01:00:00+00:00,Minnesota Vikings,Chicago Bears,lowvig,2024-12-12 00:36:51+00:00,9,26.1,6,18.5,24,19.5,10,21.4,,15,,
Over,1.91,43.5,2024-12-17 01:00:00+00:00,Minnesota Vikings,Chicago Bears,betonlineag,2024-12-12 00:37:49+00:00,9,26.1,6,18.5,24,19.5,10,21.4,,15,,
Over,1.91,43.5,2024-12-17 01:00:00+00:00,Minnesota Vikings,Chicago Bears,betus,2024-12-12 00:36:52+00:00,9,26.1,6,18.5,24,19.5,10,21.4,,15,,
Over,1.91,43.5,2024-12-17 01:00:00+00:00,Minnesota Vikings,Chicago Bears,mybookieag,2024-12-12 00:36:06+00:00,9,26.1,6,18.5,24,19.5,10,21.4,,15,,
Over,1.88,43.5,2024-12-17 01:00:00+00:00,Minnesota Vikings,Chicago Bears,betrivers,2024-12-12 00:36:51+00:00,9,26.1,6,18.5,24,19.5,10,21.4,,15,,
Over,1.91,43.5,2024-12-17 01:00:00+00:00,Minnesota Vikings,Chicago Bears,betmgm,2024-12-12 00:36:51+00:00,9,26.1,6,18.5,24,19.5,10,21.4,,15,,
Over,1.91,44.0,2024-12-17 01:00:00+00:00,Minnesota Vikings,Chicago Bears,bovada,2024-12-12 00:36:51+00:00,9,26.1,6,18.5,24,19.5,10,21.4,,15,,
Over,1.87,44.0,2024-12-17 01:30:00+00:00,Las Vegas Raiders,Atlanta Falcons,draftkings,2024-12-12 00:36:51+00:00,27,18.2,30,27.8,19,21.4,25,25.6,,15,,
Over,1.95,44.5,2024-12-17 01:30:00+00:00,Las Vegas Raiders,Atlanta Falcons,fanduel,2024-12-12 00:37:38+00:00,27,18.2,30,27.8,19,21.4,25,25.6,,15,,
Over,1.98,44.5,2024-12-17 01:30:00+00:00,Las Vegas Raiders,Atlanta Falcons,lowvig,2024-12-12 00:36:51+00:00,27,18.2,30,27.8,19,21.4,25,25.6,,15,,
Over,1.95,44.5,2024-12-17 01:30:00+00:00,Las Vegas Raiders,Atlanta Falcons,betonlineag,2024-12-12 00:37:49+00:00,27,18.2,30,27.8,19,21.4,25,25.6,,15,,
Over,1.91,44.0,2024-12-17 01:30:00+00:00,Las Vegas Raiders,Atlanta Falcons,betus,2024-12-12 00:36:52+00:00,27,18.2,30,27.8,19,21.4,25,25.6,,15,,
Over,1.91,44.5,2024-12-17 01:30:00+00:00,Las Vegas Raiders,Atlanta Falcons,mybookieag,2024-12-12 00:36:06+00:00,27,18.2,30,27.8,19,21.4,25,25.6,,15,,
Over,1.88,44.0,2024-12-17 01:30:00+00:00,Las Vegas Raiders,Atlanta Falcons,betrivers,2024-12-12 00:36:51+00:00,27,18.2,30,27.8,19,21.4,25,25.6,,15,,
Over,1.91,44.0,2024-12-17 01:30:00+00:00,Las Vegas Raiders,Atlanta Falcons,betmgm,2024-12-12 00:36:51+00:00,27,18.2,30,27.8,19,21.4,25,25.6,,15,,
Over,1.91,44.5,2024-12-17 01:30:00+00:00,Las Vegas Raiders,Atlanta Falcons,bovada,2024-12-12 00:36:51+00:00,27,18.2,30,27.8,19,21.4,25,25.6,,15,,
Over,1.95,42.5,2024-12-20 01:16:00+00:00,Los Angeles Chargers,Denver Broncos,fanduel,2024-12-12 00:37:38+00:00,20,21.3,1,15.9,14,23.5,2,18.0,,16,,
Over,1.91,42.0,2024-12-20 01:16:00+00:00,Los Angeles Chargers,Denver Broncos,draftkings,2024-12-12 00:36:51+00:00,20,21.3,1,15.9,14,23.5,2,18.0,,16,,
Over,1.91,42.0,2024-12-20 01:16:00+00:00,Los Angeles Chargers,Denver Broncos,mybookieag,2024-12-12 00:36:06+00:00,20,21.3,1,15.9,14,23.5,2,18.0,,16,,
Over,1.93,42.0,2024-12-20 01:16:00+00:00,Los Angeles Chargers,Denver Broncos,lowvig,2024-12-12 00:36:51+00:00,20,21.3,1,15.9,14,23.5,2,18.0,,16,,
Over,1.91,42.0,2024-12-20 01:16:00+00:00,Los Angeles Chargers,Denver Broncos,betonlineag,2024-12-12 00:37:49+00:00,20,21.3,1,15.9,14,23.5,2,18.0,,16,,
Over,1.91,44.5,2024-12-21 18:01:00+00:00,Kansas City Chiefs,Houston Texans,draftkings,2024-12-12 00:36:51+00:00,11,23.7,7,19.4,11,23.7,12,22.2,,16,,
Over,1.95,44.5,2024-12-21 18:01:00+00:00,Kansas City Chiefs,Houston Texans,fanduel,2024-12-12 00:37:38+00:00,11,23.7,7,19.4,11,23.7,12,22.2,,16,,
Over,1.91,44.5,2024-12-21 18:01:00+00:00,Kansas City Chiefs,Houston Texans,mybookieag,2024-12-12 00:36:06+00:00,11,23.7,7,19.4,11,23.7,12,22.2,,16,,
Over,1.98,44.0,2024-12-21 18:01:00+00:00,Kansas City Chiefs,Houston Texans,lowvig,2024-12-12 00:36:51+00:00,11,23.7,7,19.4,11,23.7,12,22.2,,16,,
Over,1.95,44.0,2024-12-21 18:01:00+00:00,Kansas City Chiefs,Houston Texans,betonlineag,2024-12-12 00:37:49+00:00,11,23.7,7,19.4,11,23.7,12,22.2,,16,,
Over,1.91,46.5,2024-12-21 21:31:00+00:00,Baltimore Ravens,Pittsburgh Steelers,draftkings,2024-12-12 00:36:51+00:00,3,29.5,23,24.5,10,24.8,5,18.3,,16,,
Over,1.91,46.5,2024-12-21 21:31:00+00:00,Baltimore Ravens,Pittsburgh Steelers,fanduel,2024-12-12 00:37:38+00:00,3,29.5,23,24.5,10,24.8,5,18.3,,16,,
Over,1.91,46.5,2024-12-21 21:31:00+00:00,Baltimore Ravens,Pittsburgh Steelers,mybookieag,2024-12-12 00:36:06+00:00,3,29.5,23,24.5,10,24.8,5,18.3,,16,,
Over,1.93,46.5,2024-12-21 21:31:00+00:00,Baltimore Ravens,Pittsburgh Steelers,lowvig,2024-12-12 00:36:51+00:00,3,29.5,23,24.5,10,24.8,5,18.3,,16,,
Over,1.91,46.5,2024-12-21 21:31:00+00:00,Baltimore Ravens,Pittsburgh Steelers,betonlineag,2024-12-12 00:37:49+00:00,3,29.5,23,24.5,10,24.8,5,18.3,,16,,
Over,1.91,46.0,2024-12-22 18:01:00+00:00,Carolina Panthers,Arizona Cardinals,draftkings,2024-12-12 00:36:51+00:00,28,17.9,32,29.8,18,21.8,13,22.2,,16,,
Over,1.95,45.5,2024-12-22 18:01:00+00:00,Carolina Panthers,Arizona Cardinals,fanduel,2024-12-12 00:37:38+00:00,28,17.9,32,29.8,18,21.8,13,22.2,,16,,
Over,1.91,46.0,2024-12-22 18:01:00+00:00,Carolina Panthers,Arizona Cardinals,mybookieag,2024-12-12 00:36:06+00:00,28,17.9,32,29.8,18,21.8,13,22.2,,16,,
Over,1.91,46.5,2024-12-22 18:01:00+00:00,Carolina Panthers,Arizona Cardinals,betonlineag,2024-12-12 00:37:49+00:00,28,17.9,32,29.8,18,21.8,13,22.2,,16,,
Over,1.93,46.5,2024-12-22 18:01:00+00:00,Carolina Panthers,Arizona Cardinals,lowvig,2024-12-12 00:36:51+00:00,28,17.9,32,29.8,18,21.8,13,22.2,,16,,
Over,1.91,41.5,2024-12-22 18:01:00+00:00,Atlanta Falcons,New York Giants,draftkings,2024-12-12 00:36:51+00:00,19,21.4,25,25.6,32,14.9,16,22.5,,16,,
Over,1.91,41.5,2024-12-22 18:01:00+00:00,Atlanta Falcons,New York Giants,fanduel,2024-12-12 00:37:38+00:00,19,21.4,25,25.6,32,14.9,16,22.5,,16,,
Over,1.91,41.5,2024-12-22 18:01:00+00:00,Atlanta Falcons,New York Giants,mybookieag,2024-12-12 00:36:06+00:00,19,21.4,25,25.6,32,14.9,16,22.5,,16,,
Over,1.93,41.5,2024-12-22 18:01:00+00:00,Atlanta Falcons,New York Giants,lowvig,2024-12-12 00:36:51+00:00,19,21.4,25,25.6,32,14.9,16,22.5,,16,,
Over,1.91,41.5,2024-12-22 18:01:00+00:00,Atlanta Falcons,New York Giants,betonlineag,2024-12-12 00:37:49+00:00,19,21.4,25,25.6,32,14.9,16,22.5,,16,,
Over,1.91,46.5,2024-12-22 18:01:00+00:00,Buffalo Bills,New England Patriots,draftkings,2024-12-12 00:36:51+00:00,2,30.5,8,20.6,31,17.0,20,23.6,,16,,
Over,1.95,46.5,2024-12-22 18:01:00+00:00,Buffalo Bills,New England Patriots,fanduel,2024-12-12 00:37:38+00:00,2,30.5,8,20.6,31,17.0,20,23.6,,16,,
Over,1.91,46.5,2024-12-22 18:01:00+00:00,Buffalo Bills,New England Patriots,mybookieag,2024-12-12 00:36:06+00:00,2,30.5,8,20.6,31,17.0,20,23.6,,16,,
Over,1.93,46.5,2024-12-22 18:01:00+00:00,Buffalo Bills,New England Patriots,lowvig,2024-12-12 00:36:51+00:00,2,30.5,8,20.6,31,17.0,20,23.6,,16,,
Over,1.91,46.5,2024-12-22 18:01:00+00:00,Buffalo Bills,New England Patriots,betonlineag,2024-12-12 00:37:49+00:00,2,30.5,8,20.6,31,17.0,20,23.6,,16,,
Over,1.91,46.0,2024-12-22 18:01:00+00:00,Chicago Bears,Detroit Lions,draftkings,2024-12-12 00:36:51+00:00,24,19.5,10,21.4,1,32.1,2,18.0,,16,,
Over,1.91,46.5,2024-12-22 18:01:00+00:00,Chicago Bears,Detroit Lions,fanduel,2024-12-12 00:37:38+00:00,24,19.5,10,21.4,1,32.1,2,18.0,,16,,
Over,1.91,47.0,2024-12-22 18:01:00+00:00,Chicago Bears,Detroit Lions,mybookieag,2024-12-12 00:36:06+00:00,24,19.5,10,21.4,1,32.1,2,18.0,,16,,
Over,1.91,48.0,2024-12-22 18:01:00+00:00,Chicago Bears,Detroit Lions,betonlineag,2024-12-12 00:37:49+00:00,24,19.5,10,21.4,1,32.1,2,18.0,,16,,
Over,1.93,48.0,2024-12-22 18:01:00+00:00,Chicago Bears,Detroit Lions,lowvig,2024-12-12 00:36:51+00:00,24,19.5,10,21.4,1,32.1,2,18.0,,16,,
Over,1.91,49.5,2024-12-22 18:01:00+00:00,Cincinnati Bengals,Cleveland Browns,fanduel,2024-12-12 00:37:38+00:00,6,27.8,29,27.7,29,17.8,26,25.8,,16,,
Over,1.91,49.0,2024-12-22 18:01:00+00:00,Cincinnati Bengals,Cleveland Browns,draftkings,2024-12-12 00:36:51+00:00,6,27.8,29,27.7,29,17.8,26,25.8,,16,,
Over,1.91,49.5,2024-12-22 18:01:00+00:00,Cincinnati Bengals,Cleveland Browns,mybookieag,2024-12-12 00:36:06+00:00,6,27.8,29,27.7,29,17.8,26,25.8,,16,,
Over,1.93,50.0,2024-12-22 18:01:00+00:00,Cincinnati Bengals,Cleveland Browns,lowvig,2024-12-12 00:36:51+00:00,6,27.8,29,27.7,29,17.8,26,25.8,,16,,
Over,1.91,50.0,2024-12-22 18:01:00+00:00,Cincinnati Bengals,Cleveland Browns,betonlineag,2024-12-12 00:37:49+00:00,6,27.8,29,27.7,29,17.8,26,25.8,,16,,
Over,1.91,42.0,2024-12-22 18:01:00+00:00,Indianapolis Colts,Tennessee Titans,draftkings,2024-12-12 00:36:51+00:00,22,20.5,18,22.9,30,17.5,27,26.3,,16,,
Over,1.91,42.5,2024-12-22 18:01:00+00:00,Indianapolis Colts,Tennessee Titans,fanduel,2024-12-12 00:37:38+00:00,22,20.5,18,22.9,30,17.5,27,26.3,,16,,
Over,1.91,42.5,2024-12-22 18:01:00+00:00,Indianapolis Colts,Tennessee Titans,mybookieag,2024-12-12 00:36:06+00:00,22,20.5,18,22.9,30,17.5,27,26.3,,16,,
Over,1.91,42.0,2024-12-22 18:01:00+00:00,Indianapolis Colts,Tennessee Titans,betonlineag,2024-12-12 00:37:49+00:00,22,20.5,18,22.9,30,17.5,27,26.3,,16,,
Over,1.93,42.0,2024-12-22 18:01:00+00:00,Indianapolis Colts,Tennessee Titans,lowvig,2024-12-12 00:36:51+00:00,22,20.5,18,22.9,30,17.5,27,26.3,,16,,
Over,1.91,46.5,2024-12-22 18:01:00+00:00,New York Jets,Los Angeles Rams,draftkings,2024-12-12 00:36:51+00:00,25,19.3,19,23.1,16,22.9,24,25.5,,16,,
Over,1.95,44.5,2024-12-22 18:01:00+00:00,New York Jets,Los Angeles Rams,fanduel,2024-12-12 00:37:38+00:00,25,19.3,19,23.1,16,22.9,24,25.5,,16,,
Over,1.91,46.0,2024-12-22 18:01:00+00:00,New York Jets,Los Angeles Rams,mybookieag,2024-12-12 00:36:06+00:00,25,19.3,19,23.1,16,22.9,24,25.5,,16,,
Over,1.91,48.0,2024-12-22 18:01:00+00:00,Washington Commanders,Philadelphia Eagles,draftkings,2024-12-12 00:36:51+00:00,4,28.9,17,22.8,8,26.3,2,18.0,,16,,
Over,1.95,47.5,2024-12-22 18:01:00+00:00,Washington Commanders,Philadelphia Eagles,fanduel,2024-12-12 00:37:38+00:00,4,28.9,17,22.8,8,26.3,2,18.0,,16,,
Over,1.91,47.5,2024-12-22 18:01:00+00:00,Washington Commanders,Philadelphia Eagles,mybookieag,2024-12-12 00:36:06+00:00,4,28.9,17,22.8,8,26.3,2,18.0,,16,,
Over,1.93,47.0,2024-12-22 18:01:00+00:00,Washington Commanders,Philadelphia Eagles,lowvig,2024-12-12 00:36:51+00:00,4,28.9,17,22.8,8,26.3,2,18.0,,16,,
Over,1.91,47.0,2024-12-22 18:01:00+00:00,Washington Commanders,Philadelphia Eagles,betonlineag,2024-12-12 00:37:49+00:00,4,28.9,17,22.8,8,26.3,2,18.0,,16,,
Over,1.91,45.5,2024-12-22 21:06:00+00:00,Seattle Seahawks,Minnesota Vikings,draftkings,2024-12-12 00:36:51+00:00,15,23.2,11,21.8,9,26.1,6,18.5,,16,,
Over,1.96,45.5,2024-12-22 21:06:00+00:00,Seattle Seahawks,Minnesota Vikings,fanduel,2024-12-12 00:37:38+00:00,15,23.2,11,21.8,9,26.1,6,18.5,,16,,
Over,1.91,45.5,2024-12-22 21:06:00+00:00,Seattle Seahawks,Minnesota Vikings,mybookieag,2024-12-12 00:36:06+00:00,15,23.2,11,21.8,9,26.1,6,18.5,,16,,
Over,1.91,39.5,2024-12-22 21:26:00+00:00,Las Vegas Raiders,Jacksonville Jaguars,draftkings,2024-12-12 00:36:51+00:00,27,18.2,30,27.8,26,18.3,28,26.5,,16,,
Over,1.87,39.5,2024-12-22 21:26:00+00:00,Las Vegas Raiders,Jacksonville Jaguars,fanduel,2024-12-12 00:37:38+00:00,27,18.2,30,27.8,26,18.3,28,26.5,,16,,
Over,1.91,39.5,2024-12-22 21:26:00+00:00,Las Vegas Raiders,Jacksonville Jaguars,mybookieag,2024-12-12 00:36:06+00:00,27,18.2,30,27.8,26,18.3,28,26.5,,16,,
Over,1.91,39.5,2024-12-22 21:26:00+00:00,Las Vegas Raiders,Jacksonville Jaguars,betonlineag,2024-12-12 00:37:49+00:00,27,18.2,30,27.8,26,18.3,28,26.5,,16,,
Over,1.93,39.5,2024-12-22 21:26:00+00:00,Las Vegas Raiders,Jacksonville Jaguars,lowvig,2024-12-12 00:36:51+00:00,27,18.2,30,27.8,26,18.3,28,26.5,,16,,
Over,1.91,48.0,2024-12-22 21:26:00+00:00,Miami Dolphins,San Francisco 49ers,draftkings,2024-12-12 00:36:51+00:00,23,20.3,14,22.5,11,23.7,21,23.7,,16,,
Over,1.87,47.5,2024-12-22 21:26:00+00:00,Miami Dolphins,San Francisco 49ers,fanduel,2024-12-12 00:37:38+00:00,23,20.3,14,22.5,11,23.7,21,23.7,,16,,
Over,1.91,48.5,2024-12-22 21:26:00+00:00,Miami Dolphins,San Francisco 49ers,mybookieag,2024-12-12 00:36:06+00:00,23,20.3,14,22.5,11,23.7,21,23.7,,16,,
Over,1.91,49.0,2024-12-22 21:26:00+00:00,Miami Dolphins,San Francisco 49ers,betonlineag,2024-12-12 00:37:49+00:00,23,20.3,14,22.5,11,23.7,21,23.7,,16,,
Over,1.93,49.0,2024-12-22 21:26:00+00:00,Miami Dolphins,San Francisco 49ers,lowvig,2024-12-12 00:36:51+00:00,23,20.3,14,22.5,11,23.7,21,23.7,,16,,
Over,1.91,47.0,2024-12-23 01:21:00+00:00,Dallas Cowboys,Tampa Bay Buccaneers,draftkings,2024-12-12 00:36:51+00:00,21,20.6,31,28.2,5,27.9,22,23.8,,16,,
Over,1.91,47.5,2024-12-23 01:21:00+00:00,Dallas Cowboys,Tampa Bay Buccaneers,fanduel,2024-12-12 00:37:38+00:00,21,20.6,31,28.2,5,27.9,22,23.8,,16,,
Over,1.91,47.0,2024-12-23 01:21:00+00:00,Dallas Cowboys,Tampa Bay Buccaneers,mybookieag,2024-12-12 00:36:06+00:00,21,20.6,31,28.2,5,27.9,22,23.8,,16,,
Over,1.88,46.5,2024-12-23 01:21:00+00:00,Dallas Cowboys,Tampa Bay Buccaneers,lowvig,2024-12-12 00:36:51+00:00,21,20.6,31,28.2,5,27.9,22,23.8,,16,,
Over,1.87,46.5,2024-12-23 01:21:00+00:00,Dallas Cowboys,Tampa Bay Buccaneers,betonlineag,2024-12-12 00:37:49+00:00,21,20.6,31,28.2,5,27.9,22,23.8,,16,,
Over,1.93,41.5,2024-12-24 01:16:00+00:00,Green Bay Packers,New Orleans Saints,draftkings,2024-12-12 00:36:51+00:00,7,26.8,9,21.1,17,22.3,14,22.5,,16,,
Over,1.96,42.5,2024-12-24 01:16:00+00:00,Green Bay Packers,New Orleans Saints,fanduel,2024-12-12 00:37:38+00:00,7,26.8,9,21.1,17,22.3,14,22.5,,16,,
Over,1.91,42.0,2024-12-24 01:16:00+00:00,Green Bay Packers,New Orleans Saints,mybookieag,2024-12-12 00:36:06+00:00,7,26.8,9,21.1,17,22.3,14,22.5,,16,,
