name,price,point,id,sport_key,commence_time,home_team,away_team,bookmakers.key,bookmakers.last_update
Over,1.89,48.5,b89ffb3a984d693fd6e69cdc3f2d585a,americanfootball_nfl,2024-12-13T01:15:00Z,San Francisco 49ers,Los Angeles Rams,draftkings,2024-12-12T00:36:51Z
Under,1.93,48.5,b89ffb3a984d693fd6e69cdc3f2d585a,americanfootball_nfl,2024-12-13T01:15:00Z,San Francisco 49ers,Los Angeles Rams,draftkings,2024-12-12T00:36:51Z
Over,1.91,48.5,b89ffb3a984d693fd6e69cdc3f2d585a,americanfootball_nfl,2024-12-13T01:15:00Z,San Francisco 49ers,Los Angeles Rams,betus,2024-12-12T00:36:52Z
Under,1.91,48.5,b89ffb3a984d693fd6e69cdc3f2d585a,americanfootball_nfl,2024-12-13T01:15:00Z,San Francisco 49ers,Los Angeles Rams,betus,2024-12-12T00:36:52Z
Over,1.95,49.5,b89ffb3a984d693fd6e69cdc3f2d585a,americanfootball_nfl,2024-12-13T01:15:00Z,San Francisco 49ers,Los Angeles Rams,fanduel,2024-12-12T00:37:38Z
Under,1.87,49.5,b89ffb3a984d693fd6e69cdc3f2d585a,americanfootball_nfl,2024-12-13T01:15:00Z,San Francisco 49ers,Los Angeles Rams,fanduel,2024-12-12T00:37:38Z
Over,1.91,48.5,b89ffb3a984d693fd6e69cdc3f2d585a,americanfootball_nfl,2024-12-13T01:15:00Z,San Francisco 49ers,Los Angeles Rams,mybookieag,2024-12-12T00:36:06Z
Under,1.91,48.5,b89ffb3a984d693fd6e69cdc3f2d585a,americanfootball_nfl,2024-12-13T01:15:00Z,San Francisco 49ers,Los Angeles Rams,mybookieag,2024-12-12T00:36:06Z
Over,1.88,48.5,b89ffb3a984d693fd6e69cdc3f2d585a,americanfootball_nfl,2024-12-13T01:15:00Z,San Francisco 49ers,Los Angeles Rams,lowvig,2024-12-12T00:36:51Z
Under,1.98,48.5,b89ffb3a984d693fd6e69cdc3f2d585a,americanfootball_nfl,2024-12-13T01:15:00Z,San Francisco 49ers,Los Angeles Rams,lowvig,2024-12-12T00:36:51Z
Over,1.87,48.5,b89ffb3a984d693fd6e69cdc3f2d585a,americanfootball_nfl,2024-12-13T01:15:00Z,San Francisco 49ers,Los Angeles Rams,betonlineag,2024-12-12T00:37:49Z
Under,1.95,48.5,b89ffb3a984d693fd6e69cdc3f2d585a,americanfootball_nfl,2024-12-13T01:15:00Z,San Francisco 49ers,Los Angeles Rams,betonlineag,2024-12-12T00:37:49Z
Over,1.91,48.5,b89ffb3a984d693fd6e69cdc3f2d585a,americanfootball_nfl,2024-12-13T01:15:00Z,San Francisco 49ers,Los Angeles Rams,betrivers,2024-12-12T00:36:51Z
Under,1.91,48.5,b89ffb3a984d693fd6e69cdc3f2d585a,americanfootball_nfl,2024-12-13T01:15:00Z,San Francisco 49ers,Los Angeles Rams,betrivers,2024-12-12T00:36:51Z
Over,1.91,48.5,b89ffb3a984d693fd6e69cdc3f2d585a,americanfootball_nfl,2024-12-13T01:15:00Z,San Francisco 49ers,Los Angeles Rams,betmgm,2024-12-12T00:36:51Z
Under,1.91,48.5,b89ffb3a984d693fd6e69cdc3f2d585a,americanfootball_nfl,2024-12-13T01:15:00Z,San Francisco 49ers,Los Angeles Rams,betmgm,2024-12-12T00:36:51Z
Over,1.91,48.5,b89ffb3a984d693fd6e69cdc3f2d585a,americanfootball_nfl,2024-12-13T01:15:00Z,San Francisco 49ers,Los Angeles Rams,bovada,2024-12-12T00:36:51Z
Under,1.91,48.5,b89ffb3a984d693fd6e69cdc3f2d585a,americanfootball_nfl,2024-12-13T01:15:00Z,San Francisco 49ers,Los Angeles Rams,bovada,2024-12-12T00:36:51Z
Over,1.91,42.5,5b0eca40563ea0d05181677441c3c0bc,americanfootball_nfl,2024-12-15T18:00:00Z,New York Giants,Baltimore Ravens,draftkings,2024-12-12T00:36:51Z
Under,1.91,42.5,5b0eca40563ea0d05181677441c3c0bc,americanfootball_nfl,2024-12-15T18:00:00Z,New York Giants,Baltimore Ravens,draftkings,2024-12-12T00:36:51Z
Over,1.91,42.5,5b0eca40563ea0d05181677441c3c0bc,americanfootball_nfl,2024-12-15T18:00:00Z,New York Giants,Baltimore Ravens,fanduel,2024-12-12T00:37:38Z
Under,1.91,42.5,5b0eca40563ea0d05181677441c3c0bc,americanfootball_nfl,2024-12-15T18:00:00Z,New York Giants,Baltimore Ravens,fanduel,2024-12-12T00:37:38Z
Over,1.91,42.5,5b0eca40563ea0d05181677441c3c0bc,americanfootball_nfl,2024-12-15T18:00:00Z,New York Giants,Baltimore Ravens,betonlineag,2024-12-12T00:37:49Z
Under,1.91,42.5,5b0eca40563ea0d05181677441c3c0bc,americanfootball_nfl,2024-12-15T18:00:00Z,New York Giants,Baltimore Ravens,betonlineag,2024-12-12T00:37:49Z
Over,1.93,42.5,5b0eca40563ea0d05181677441c3c0bc,americanfootball_nfl,2024-12-15T18:00:00Z,New York Giants,Baltimore Ravens,lowvig,2024-12-12T00:36:51Z
Under,1.93,42.5,5b0eca40563ea0d05181677441c3c0bc,americanfootball_nfl,2024-12-15T18:00:00Z,New York Giants,Baltimore Ravens,lowvig,2024-12-12T00:36:51Z
Over,1.91,42.5,5b0eca40563ea0d05181677441c3c0bc,americanfootball_nfl,2024-12-15T18:00:00Z,New York Giants,Baltimore Ravens,betus,2024-12-12T00:36:52Z
Under,1.91,42.5,5b0eca40563ea0d05181677441c3c0bc,americanfootball_nfl,2024-12-15T18:00:00Z,New York Giants,Baltimore Ravens,betus,2024-12-12T00:36:52Z
Over,1.91,42.5,5b0eca40563ea0d05181677441c3c0bc,americanfootball_nfl,2024-12-15T18:00:00Z,New York Giants,Baltimore Ravens,mybookieag,2024-12-12T00:36:06Z
Under,1.91,42.5,5b0eca40563ea0d05181677441c3c0bc,americanfootball_nfl,2024-12-15T18:00:00Z,New York Giants,Baltimore Ravens,mybookieag,2024-12-12T00:36:06Z
Over,1.89,42.5,5b0eca40563ea0d05181677441c3c0bc,americanfootball_nfl,2024-12-15T18:00:00Z,New York Giants,Baltimore Ravens,betrivers,2024-12-12T00:36:51Z
Under,1.92,42.5,5b0eca40563ea0d05181677441c3c0bc,americanfootball_nfl,2024-12-15T18:00:00Z,New York Giants,Baltimore Ravens,betrivers,2024-12-12T00:36:51Z
Over,1.91,43.0,5b0eca40563ea0d05181677441c3c0bc,americanfootball_nfl,2024-12-15T18:00:00Z,New York Giants,Baltimore Ravens,betmgm,2024-12-12T00:36:51Z
Under,1.91,43.0,5b0eca40563ea0d05181677441c3c0bc,americanfootball_nfl,2024-12-15T18:00:00Z,New York Giants,Baltimore Ravens,betmgm,2024-12-12T00:36:51Z
Over,1.91,42.5,5b0eca40563ea0d05181677441c3c0bc,americanfootball_nfl,2024-12-15T18:00:00Z,New York Giants,Baltimore Ravens,bovada,2024-12-12T00:36:51Z
Under,1.91,42.5,5b0eca40563ea0d05181677441c3c0bc,americanfootball_nfl,2024-12-15T18:00:00Z,New York Giants,Baltimore Ravens,bovada,2024-12-12T00:36:51Z
Over,1.91,43.0,5e028b3e2019613c56d3431d4e04e46d,americanfootball_nfl,2024-12-15T18:00:00Z,Carolina Panthers,Dallas Cowboys,draftkings,2024-12-12T00:36:51Z
Under,1.91,43.0,5e028b3e2019613c56d3431d4e04e46d,americanfootball_nfl,2024-12-15T18:00:00Z,Carolina Panthers,Dallas Cowboys,draftkings,2024-12-12T00:36:51Z
Over,1.83,42.5,5e028b3e2019613c56d3431d4e04e46d,americanfootball_nfl,2024-12-15T18:00:00Z,Carolina Panthers,Dallas Cowboys,fanduel,2024-12-12T00:37:38Z
Under,1.98,42.5,5e028b3e2019613c56d3431d4e04e46d,americanfootball_nfl,2024-12-15T18:00:00Z,Carolina Panthers,Dallas Cowboys,fanduel,2024-12-12T00:37:38Z
Over,1.93,43.0,5e028b3e2019613c56d3431d4e04e46d,americanfootball_nfl,2024-12-15T18:00:00Z,Carolina Panthers,Dallas Cowboys,lowvig,2024-12-12T00:36:51Z
Under,1.93,43.0,5e028b3e2019613c56d3431d4e04e46d,americanfootball_nfl,2024-12-15T18:00:00Z,Carolina Panthers,Dallas Cowboys,lowvig,2024-12-12T00:36:51Z
Over,1.91,43.0,5e028b3e2019613c56d3431d4e04e46d,americanfootball_nfl,2024-12-15T18:00:00Z,Carolina Panthers,Dallas Cowboys,betonlineag,2024-12-12T00:37:49Z
Under,1.91,43.0,5e028b3e2019613c56d3431d4e04e46d,americanfootball_nfl,2024-12-15T18:00:00Z,Carolina Panthers,Dallas Cowboys,betonlineag,2024-12-12T00:37:49Z
Over,1.91,43.0,5e028b3e2019613c56d3431d4e04e46d,americanfootball_nfl,2024-12-15T18:00:00Z,Carolina Panthers,Dallas Cowboys,betus,2024-12-12T00:36:52Z
Under,1.91,43.0,5e028b3e2019613c56d3431d4e04e46d,americanfootball_nfl,2024-12-15T18:00:00Z,Carolina Panthers,Dallas Cowboys,betus,2024-12-12T00:36:52Z
Over,1.91,43.0,5e028b3e2019613c56d3431d4e04e46d,americanfootball_nfl,2024-12-15T18:00:00Z,Carolina Panthers,Dallas Cowboys,mybookieag,2024-12-12T00:36:06Z
Under,1.91,43.0,5e028b3e2019613c56d3431d4e04e46d,americanfootball_nfl,2024-12-15T18:00:00Z,Carolina Panthers,Dallas Cowboys,mybookieag,2024-12-12T00:36:06Z
Over,1.89,43.0,5e028b3e2019613c56d3431d4e04e46d,americanfootball_nfl,2024-12-15T18:00:00Z,Carolina Panthers,Dallas Cowboys,betrivers,2024-12-12T00:36:51Z
Under,1.92,43.0,5e028b3e2019613c56d3431d4e04e46d,americanfootball_nfl,2024-12-15T18:00:00Z,Carolina Panthers,Dallas Cowboys,betrivers,2024-12-12T00:36:51Z
Over,1.91,43.0,5e028b3e2019613c56d3431d4e04e46d,americanfootball_nfl,2024-12-15T18:00:00Z,Carolina Panthers,Dallas Cowboys,betmgm,2024-12-12T00:36:51Z
Under,1.91,43.0,5e028b3e2019613c56d3431d4e04e46d,americanfootball_nfl,2024-12-15T18:00:00Z,Carolina Panthers,Dallas Cowboys,betmgm,2024-12-12T00:36:51Z
Over,1.91,43.0,5e028b3e2019613c56d3431d4e04e46d,americanfootball_nfl,2024-12-15T18:00:00Z,Carolina Panthers,Dallas Cowboys,bovada,2024-12-12T00:36:51Z
Under,1.91,43.0,5e028b3e2019613c56d3431d4e04e46d,americanfootball_nfl,2024-12-15T18:00:00Z,Carolina Panthers,Dallas Cowboys,bovada,2024-12-12T00:36:51Z
Over,1.87,46.5,f6d5d91ea4480042265698647a6120f6,americanfootball_nfl,2024-12-15T18:00:00Z,Tennessee Titans,Cincinnati Bengals,draftkings,2024-12-12T00:36:51Z
Under,1.95,46.5,f6d5d91ea4480042265698647a6120f6,americanfootball_nfl,2024-12-15T18:00:00Z,Tennessee Titans,Cincinnati Bengals,draftkings,2024-12-12T00:36:51Z
Over,1.91,46.5,f6d5d91ea4480042265698647a6120f6,americanfootball_nfl,2024-12-15T18:00:00Z,Tennessee Titans,Cincinnati Bengals,betus,2024-12-12T00:36:52Z
Under,1.91,46.5,f6d5d91ea4480042265698647a6120f6,americanfootball_nfl,2024-12-15T18:00:00Z,Tennessee Titans,Cincinnati Bengals,betus,2024-12-12T00:36:52Z
Over,1.87,46.5,f6d5d91ea4480042265698647a6120f6,americanfootball_nfl,2024-12-15T18:00:00Z,Tennessee Titans,Cincinnati Bengals,fanduel,2024-12-12T00:37:38Z
Under,1.95,46.5,f6d5d91ea4480042265698647a6120f6,americanfootball_nfl,2024-12-15T18:00:00Z,Tennessee Titans,Cincinnati Bengals,fanduel,2024-12-12T00:37:38Z
Over,1.98,47.0,f6d5d91ea4480042265698647a6120f6,americanfootball_nfl,2024-12-15T18:00:00Z,Tennessee Titans,Cincinnati Bengals,lowvig,2024-12-12T00:36:51Z
Under,1.88,47.0,f6d5d91ea4480042265698647a6120f6,americanfootball_nfl,2024-12-15T18:00:00Z,Tennessee Titans,Cincinnati Bengals,lowvig,2024-12-12T00:36:51Z
Over,1.95,47.0,f6d5d91ea4480042265698647a6120f6,americanfootball_nfl,2024-12-15T18:00:00Z,Tennessee Titans,Cincinnati Bengals,betonlineag,2024-12-12T00:37:49Z
Under,1.87,47.0,f6d5d91ea4480042265698647a6120f6,americanfootball_nfl,2024-12-15T18:00:00Z,Tennessee Titans,Cincinnati Bengals,betonlineag,2024-12-12T00:37:49Z
Over,1.91,46.5,f6d5d91ea4480042265698647a6120f6,americanfootball_nfl,2024-12-15T18:00:00Z,Tennessee Titans,Cincinnati Bengals,mybookieag,2024-12-12T00:36:06Z
Under,1.91,46.5,f6d5d91ea4480042265698647a6120f6,americanfootball_nfl,2024-12-15T18:00:00Z,Tennessee Titans,Cincinnati Bengals,mybookieag,2024-12-12T00:36:06Z
Over,1.92,47.0,f6d5d91ea4480042265698647a6120f6,americanfootball_nfl,2024-12-15T18:00:00Z,Tennessee Titans,Cincinnati Bengals,betrivers,2024-12-12T00:36:51Z
Under,1.89,47.0,f6d5d91ea4480042265698647a6120f6,americanfootball_nfl,2024-12-15T18:00:00Z,Tennessee Titans,Cincinnati Bengals,betrivers,2024-12-12T00:36:51Z
Over,1.91,47.0,f6d5d91ea4480042265698647a6120f6,americanfootball_nfl,2024-12-15T18:00:00Z,Tennessee Titans,Cincinnati Bengals,betmgm,2024-12-12T00:36:51Z
Under,1.91,47.0,f6d5d91ea4480042265698647a6120f6,americanfootball_nfl,2024-12-15T18:00:00Z,Tennessee Titans,Cincinnati Bengals,betmgm,2024-12-12T00:36:51Z
Over,1.91,46.5,f6d5d91ea4480042265698647a6120f6,americanfootball_nfl,2024-12-15T18:00:00Z,Tennessee Titans,Cincinnati Bengals,bovada,2024-12-12T00:36:51Z
Under,1.91,46.5,f6d5d91ea4480042265698647a6120f6,americanfootball_nfl,2024-12-15T18:00:00Z,Tennessee Titans,Cincinnati Bengals,bovada,2024-12-12T00:36:51Z
Over,1.93,44.0,9db2aef33225a4bda04bbc7c33e50e63,americanfootball_nfl,2024-12-15T18:00:00Z,Cleveland Browns,Kansas City Chiefs,draftkings,2024-12-12T00:36:51Z
Under,1.89,44.0,9db2aef33225a4bda04bbc7c33e50e63,americanfootball_nfl,2024-12-15T18:00:00Z,Cleveland Browns,Kansas City Chiefs,draftkings,2024-12-12T00:36:51Z
Over,1.91,44.0,9db2aef33225a4bda04bbc7c33e50e63,americanfootball_nfl,2024-12-15T18:00:00Z,Cleveland Browns,Kansas City Chiefs,betus,2024-12-12T00:36:52Z
Under,1.91,44.0,9db2aef33225a4bda04bbc7c33e50e63,americanfootball_nfl,2024-12-15T18:00:00Z,Cleveland Browns,Kansas City Chiefs,betus,2024-12-12T00:36:52Z
Over,1.95,44.5,9db2aef33225a4bda04bbc7c33e50e63,americanfootball_nfl,2024-12-15T18:00:00Z,Cleveland Browns,Kansas City Chiefs,fanduel,2024-12-12T00:37:38Z
Under,1.87,44.5,9db2aef33225a4bda04bbc7c33e50e63,americanfootball_nfl,2024-12-15T18:00:00Z,Cleveland Browns,Kansas City Chiefs,fanduel,2024-12-12T00:37:38Z
Over,1.87,43.5,9db2aef33225a4bda04bbc7c33e50e63,americanfootball_nfl,2024-12-15T18:00:00Z,Cleveland Browns,Kansas City Chiefs,betonlineag,2024-12-12T00:37:49Z
Under,1.95,43.5,9db2aef33225a4bda04bbc7c33e50e63,americanfootball_nfl,2024-12-15T18:00:00Z,Cleveland Browns,Kansas City Chiefs,betonlineag,2024-12-12T00:37:49Z
Over,1.88,43.5,9db2aef33225a4bda04bbc7c33e50e63,americanfootball_nfl,2024-12-15T18:00:00Z,Cleveland Browns,Kansas City Chiefs,lowvig,2024-12-12T00:36:51Z
Under,1.98,43.5,9db2aef33225a4bda04bbc7c33e50e63,americanfootball_nfl,2024-12-15T18:00:00Z,Cleveland Browns,Kansas City Chiefs,lowvig,2024-12-12T00:36:51Z
Over,1.91,44.0,9db2aef33225a4bda04bbc7c33e50e63,americanfootball_nfl,2024-12-15T18:00:00Z,Cleveland Browns,Kansas City Chiefs,mybookieag,2024-12-12T00:36:06Z
Under,1.91,44.0,9db2aef33225a4bda04bbc7c33e50e63,americanfootball_nfl,2024-12-15T18:00:00Z,Cleveland Browns,Kansas City Chiefs,mybookieag,2024-12-12T00:36:06Z
Over,1.89,44.0,9db2aef33225a4bda04bbc7c33e50e63,americanfootball_nfl,2024-12-15T18:00:00Z,Cleveland Browns,Kansas City Chiefs,betrivers,2024-12-12T00:36:51Z
Under,1.92,44.0,9db2aef33225a4bda04bbc7c33e50e63,americanfootball_nfl,2024-12-15T18:00:00Z,Cleveland Browns,Kansas City Chiefs,betrivers,2024-12-12T00:36:51Z
Over,1.91,44.0,9db2aef33225a4bda04bbc7c33e50e63,americanfootball_nfl,2024-12-15T18:00:00Z,Cleveland Browns,Kansas City Chiefs,betmgm,2024-12-12T00:36:51Z
Under,1.91,44.0,9db2aef33225a4bda04bbc7c33e50e63,americanfootball_nfl,2024-12-15T18:00:00Z,Cleveland Browns,Kansas City Chiefs,betmgm,2024-12-12T00:36:51Z
Over,1.91,44.0,9db2aef33225a4bda04bbc7c33e50e63,americanfootball_nfl,2024-12-15T18:00:00Z,Cleveland Browns,Kansas City Chiefs,bovada,2024-12-12T00:36:51Z
Under,1.91,44.0,9db2aef33225a4bda04bbc7c33e50e63,americanfootball_nfl,2024-12-15T18:00:00Z,Cleveland Browns,Kansas City Chiefs,bovada,2024-12-12T00:36:51Z
Over,1.93,47.0,79eb6a96467e443fcd884f1aab38fb40,americanfootball_nfl,2024-12-15T18:00:00Z,Houston Texans,Miami Dolphins,draftkings,2024-12-12T00:36:51Z
Under,1.89,47.0,79eb6a96467e443fcd884f1aab38fb40,americanfootball_nfl,2024-12-15T18:00:00Z,Houston Texans,Miami Dolphins,draftkings,2024-12-12T00:36:51Z
Over,1.87,46.5,79eb6a96467e443fcd884f1aab38fb40,americanfootball_nfl,2024-12-15T18:00:00Z,Houston Texans,Miami Dolphins,fanduel,2024-12-12T00:37:38Z
Under,1.95,46.5,79eb6a96467e443fcd884f1aab38fb40,americanfootball_nfl,2024-12-15T18:00:00Z,Houston Texans,Miami Dolphins,fanduel,2024-12-12T00:37:38Z
Over,1.91,46.5,79eb6a96467e443fcd884f1aab38fb40,americanfootball_nfl,2024-12-15T18:00:00Z,Houston Texans,Miami Dolphins,betonlineag,2024-12-12T00:37:49Z
Under,1.91,46.5,79eb6a96467e443fcd884f1aab38fb40,americanfootball_nfl,2024-12-15T18:00:00Z,Houston Texans,Miami Dolphins,betonlineag,2024-12-12T00:37:49Z
Over,1.93,46.5,79eb6a96467e443fcd884f1aab38fb40,americanfootball_nfl,2024-12-15T18:00:00Z,Houston Texans,Miami Dolphins,lowvig,2024-12-12T00:36:51Z
Under,1.93,46.5,79eb6a96467e443fcd884f1aab38fb40,americanfootball_nfl,2024-12-15T18:00:00Z,Houston Texans,Miami Dolphins,lowvig,2024-12-12T00:36:51Z
Over,1.91,46.5,79eb6a96467e443fcd884f1aab38fb40,americanfootball_nfl,2024-12-15T18:00:00Z,Houston Texans,Miami Dolphins,betus,2024-12-12T00:36:52Z
Under,1.91,46.5,79eb6a96467e443fcd884f1aab38fb40,americanfootball_nfl,2024-12-15T18:00:00Z,Houston Texans,Miami Dolphins,betus,2024-12-12T00:36:52Z
Over,1.91,47.0,79eb6a96467e443fcd884f1aab38fb40,americanfootball_nfl,2024-12-15T18:00:00Z,Houston Texans,Miami Dolphins,mybookieag,2024-12-12T00:36:06Z
Under,1.91,47.0,79eb6a96467e443fcd884f1aab38fb40,americanfootball_nfl,2024-12-15T18:00:00Z,Houston Texans,Miami Dolphins,mybookieag,2024-12-12T00:36:06Z
Over,1.93,47.0,79eb6a96467e443fcd884f1aab38fb40,americanfootball_nfl,2024-12-15T18:00:00Z,Houston Texans,Miami Dolphins,betrivers,2024-12-12T00:36:51Z
Under,1.88,47.0,79eb6a96467e443fcd884f1aab38fb40,americanfootball_nfl,2024-12-15T18:00:00Z,Houston Texans,Miami Dolphins,betrivers,2024-12-12T00:36:51Z
Over,1.91,47.0,79eb6a96467e443fcd884f1aab38fb40,americanfootball_nfl,2024-12-15T18:00:00Z,Houston Texans,Miami Dolphins,betmgm,2024-12-12T00:36:51Z
Under,1.91,47.0,79eb6a96467e443fcd884f1aab38fb40,americanfootball_nfl,2024-12-15T18:00:00Z,Houston Texans,Miami Dolphins,betmgm,2024-12-12T00:36:51Z
Over,1.91,46.5,79eb6a96467e443fcd884f1aab38fb40,americanfootball_nfl,2024-12-15T18:00:00Z,Houston Texans,Miami Dolphins,bovada,2024-12-12T00:36:51Z
Under,1.91,46.5,79eb6a96467e443fcd884f1aab38fb40,americanfootball_nfl,2024-12-15T18:00:00Z,Houston Texans,Miami Dolphins,bovada,2024-12-12T00:36:51Z
Over,1.93,40.5,7b58ba499776572737bf4335349ee5ca,americanfootball_nfl,2024-12-15T18:00:00Z,Jacksonville Jaguars,New York Jets,draftkings,2024-12-12T00:36:51Z
Under,1.89,40.5,7b58ba499776572737bf4335349ee5ca,americanfootball_nfl,2024-12-15T18:00:00Z,Jacksonville Jaguars,New York Jets,draftkings,2024-12-12T00:36:51Z
Over,1.95,40.5,7b58ba499776572737bf4335349ee5ca,americanfootball_nfl,2024-12-15T18:00:00Z,Jacksonville Jaguars,New York Jets,fanduel,2024-12-12T00:37:38Z
Under,1.87,40.5,7b58ba499776572737bf4335349ee5ca,americanfootball_nfl,2024-12-15T18:00:00Z,Jacksonville Jaguars,New York Jets,fanduel,2024-12-12T00:37:38Z
Over,1.88,40.5,7b58ba499776572737bf4335349ee5ca,americanfootball_nfl,2024-12-15T18:00:00Z,Jacksonville Jaguars,New York Jets,betonlineag,2024-12-12T00:37:49Z
Under,1.93,40.5,7b58ba499776572737bf4335349ee5ca,americanfootball_nfl,2024-12-15T18:00:00Z,Jacksonville Jaguars,New York Jets,betonlineag,2024-12-12T00:37:49Z
Over,1.91,40.5,7b58ba499776572737bf4335349ee5ca,americanfootball_nfl,2024-12-15T18:00:00Z,Jacksonville Jaguars,New York Jets,lowvig,2024-12-12T00:36:51Z
Under,1.96,40.5,7b58ba499776572737bf4335349ee5ca,americanfootball_nfl,2024-12-15T18:00:00Z,Jacksonville Jaguars,New York Jets,lowvig,2024-12-12T00:36:51Z
Over,1.91,40.5,7b58ba499776572737bf4335349ee5ca,americanfootball_nfl,2024-12-15T18:00:00Z,Jacksonville Jaguars,New York Jets,betus,2024-12-12T00:36:52Z
Under,1.91,40.5,7b58ba499776572737bf4335349ee5ca,americanfootball_nfl,2024-12-15T18:00:00Z,Jacksonville Jaguars,New York Jets,betus,2024-12-12T00:36:52Z
Over,1.91,40.5,7b58ba499776572737bf4335349ee5ca,americanfootball_nfl,2024-12-15T18:00:00Z,Jacksonville Jaguars,New York Jets,mybookieag,2024-12-12T00:36:06Z
Under,1.91,40.5,7b58ba499776572737bf4335349ee5ca,americanfootball_nfl,2024-12-15T18:00:00Z,Jacksonville Jaguars,New York Jets,mybookieag,2024-12-12T00:36:06Z
Over,1.91,40.5,7b58ba499776572737bf4335349ee5ca,americanfootball_nfl,2024-12-15T18:00:00Z,Jacksonville Jaguars,New York Jets,betrivers,2024-12-12T00:36:51Z
Under,1.91,40.5,7b58ba499776572737bf4335349ee5ca,americanfootball_nfl,2024-12-15T18:00:00Z,Jacksonville Jaguars,New York Jets,betrivers,2024-12-12T00:36:51Z
Over,1.91,40.5,7b58ba499776572737bf4335349ee5ca,americanfootball_nfl,2024-12-15T18:00:00Z,Jacksonville Jaguars,New York Jets,betmgm,2024-12-12T00:36:51Z
Under,1.91,40.5,7b58ba499776572737bf4335349ee5ca,americanfootball_nfl,2024-12-15T18:00:00Z,Jacksonville Jaguars,New York Jets,betmgm,2024-12-12T00:36:51Z
Over,1.87,40.5,7b58ba499776572737bf4335349ee5ca,americanfootball_nfl,2024-12-15T18:00:00Z,Jacksonville Jaguars,New York Jets,bovada,2024-12-12T00:36:51Z
Under,1.95,40.5,7b58ba499776572737bf4335349ee5ca,americanfootball_nfl,2024-12-15T18:00:00Z,Jacksonville Jaguars,New York Jets,bovada,2024-12-12T00:36:51Z
Over,1.95,43.5,3b7db9e7d8af9f357fa301fb43f2e6af,americanfootball_nfl,2024-12-15T18:00:00Z,New Orleans Saints,Washington Commanders,draftkings,2024-12-12T00:36:51Z
Under,1.87,43.5,3b7db9e7d8af9f357fa301fb43f2e6af,americanfootball_nfl,2024-12-15T18:00:00Z,New Orleans Saints,Washington Commanders,draftkings,2024-12-12T00:36:51Z
Over,1.91,43.0,3b7db9e7d8af9f357fa301fb43f2e6af,americanfootball_nfl,2024-12-15T18:00:00Z,New Orleans Saints,Washington Commanders,betus,2024-12-12T00:36:52Z
Under,1.91,43.0,3b7db9e7d8af9f357fa301fb43f2e6af,americanfootball_nfl,2024-12-15T18:00:00Z,New Orleans Saints,Washington Commanders,betus,2024-12-12T00:36:52Z
Over,1.95,43.5,3b7db9e7d8af9f357fa301fb43f2e6af,americanfootball_nfl,2024-12-15T18:00:00Z,New Orleans Saints,Washington Commanders,fanduel,2024-12-12T00:37:38Z
Under,1.87,43.5,3b7db9e7d8af9f357fa301fb43f2e6af,americanfootball_nfl,2024-12-15T18:00:00Z,New Orleans Saints,Washington Commanders,fanduel,2024-12-12T00:37:38Z
Over,1.91,43.5,3b7db9e7d8af9f357fa301fb43f2e6af,americanfootball_nfl,2024-12-15T18:00:00Z,New Orleans Saints,Washington Commanders,betonlineag,2024-12-12T00:37:49Z
Under,1.91,43.5,3b7db9e7d8af9f357fa301fb43f2e6af,americanfootball_nfl,2024-12-15T18:00:00Z,New Orleans Saints,Washington Commanders,betonlineag,2024-12-12T00:37:49Z
Over,1.93,43.5,3b7db9e7d8af9f357fa301fb43f2e6af,americanfootball_nfl,2024-12-15T18:00:00Z,New Orleans Saints,Washington Commanders,lowvig,2024-12-12T00:36:51Z
Under,1.93,43.5,3b7db9e7d8af9f357fa301fb43f2e6af,americanfootball_nfl,2024-12-15T18:00:00Z,New Orleans Saints,Washington Commanders,lowvig,2024-12-12T00:36:51Z
Over,1.91,43.0,3b7db9e7d8af9f357fa301fb43f2e6af,americanfootball_nfl,2024-12-15T18:00:00Z,New Orleans Saints,Washington Commanders,mybookieag,2024-12-12T00:36:06Z
Under,1.91,43.0,3b7db9e7d8af9f357fa301fb43f2e6af,americanfootball_nfl,2024-12-15T18:00:00Z,New Orleans Saints,Washington Commanders,mybookieag,2024-12-12T00:36:06Z
Over,1.89,43.0,3b7db9e7d8af9f357fa301fb43f2e6af,americanfootball_nfl,2024-12-15T18:00:00Z,New Orleans Saints,Washington Commanders,betrivers,2024-12-12T00:36:51Z
Under,1.92,43.0,3b7db9e7d8af9f357fa301fb43f2e6af,americanfootball_nfl,2024-12-15T18:00:00Z,New Orleans Saints,Washington Commanders,betrivers,2024-12-12T00:36:51Z
Over,1.91,43.0,3b7db9e7d8af9f357fa301fb43f2e6af,americanfootball_nfl,2024-12-15T18:00:00Z,New Orleans Saints,Washington Commanders,betmgm,2024-12-12T00:36:51Z
Under,1.91,43.0,3b7db9e7d8af9f357fa301fb43f2e6af,americanfootball_nfl,2024-12-15T18:00:00Z,New Orleans Saints,Washington Commanders,betmgm,2024-12-12T00:36:51Z
Over,1.91,43.5,3b7db9e7d8af9f357fa301fb43f2e6af,americanfootball_nfl,2024-12-15T18:00:00Z,New Orleans Saints,Washington Commanders,bovada,2024-12-12T00:36:51Z
Under,1.91,43.5,3b7db9e7d8af9f357fa301fb43f2e6af,americanfootball_nfl,2024-12-15T18:00:00Z,New Orleans Saints,Washington Commanders,bovada,2024-12-12T00:36:51Z
Over,1.89,46.0,c562ac548944fe897e62f4a142de4d54,americanfootball_nfl,2024-12-15T21:25:00Z,Arizona Cardinals,New England Patriots,draftkings,2024-12-12T00:36:51Z
Under,1.93,46.0,c562ac548944fe897e62f4a142de4d54,americanfootball_nfl,2024-12-15T21:25:00Z,Arizona Cardinals,New England Patriots,draftkings,2024-12-12T00:36:51Z
Over,1.91,46.0,c562ac548944fe897e62f4a142de4d54,americanfootball_nfl,2024-12-15T21:25:00Z,Arizona Cardinals,New England Patriots,betus,2024-12-12T00:36:52Z
Under,1.91,46.0,c562ac548944fe897e62f4a142de4d54,americanfootball_nfl,2024-12-15T21:25:00Z,Arizona Cardinals,New England Patriots,betus,2024-12-12T00:36:52Z
Over,1.96,46.5,c562ac548944fe897e62f4a142de4d54,americanfootball_nfl,2024-12-15T21:25:00Z,Arizona Cardinals,New England Patriots,fanduel,2024-12-12T00:37:38Z
Under,1.85,46.5,c562ac548944fe897e62f4a142de4d54,americanfootball_nfl,2024-12-15T21:25:00Z,Arizona Cardinals,New England Patriots,fanduel,2024-12-12T00:37:38Z
Over,1.93,46.0,c562ac548944fe897e62f4a142de4d54,americanfootball_nfl,2024-12-15T21:25:00Z,Arizona Cardinals,New England Patriots,lowvig,2024-12-12T00:36:51Z
Under,1.93,46.0,c562ac548944fe897e62f4a142de4d54,americanfootball_nfl,2024-12-15T21:25:00Z,Arizona Cardinals,New England Patriots,lowvig,2024-12-12T00:36:51Z
Over,1.91,46.0,c562ac548944fe897e62f4a142de4d54,americanfootball_nfl,2024-12-15T21:25:00Z,Arizona Cardinals,New England Patriots,betonlineag,2024-12-12T00:37:49Z
Under,1.91,46.0,c562ac548944fe897e62f4a142de4d54,americanfootball_nfl,2024-12-15T21:25:00Z,Arizona Cardinals,New England Patriots,betonlineag,2024-12-12T00:37:49Z
Over,1.91,46.0,c562ac548944fe897e62f4a142de4d54,americanfootball_nfl,2024-12-15T21:25:00Z,Arizona Cardinals,New England Patriots,mybookieag,2024-12-12T00:36:06Z
Under,1.91,46.0,c562ac548944fe897e62f4a142de4d54,americanfootball_nfl,2024-12-15T21:25:00Z,Arizona Cardinals,New England Patriots,mybookieag,2024-12-12T00:36:06Z
Over,1.92,46.0,c562ac548944fe897e62f4a142de4d54,americanfootball_nfl,2024-12-15T21:25:00Z,Arizona Cardinals,New England Patriots,betrivers,2024-12-12T00:36:51Z
Under,1.89,46.0,c562ac548944fe897e62f4a142de4d54,americanfootball_nfl,2024-12-15T21:25:00Z,Arizona Cardinals,New England Patriots,betrivers,2024-12-12T00:36:51Z
Over,1.91,46.0,c562ac548944fe897e62f4a142de4d54,americanfootball_nfl,2024-12-15T21:25:00Z,Arizona Cardinals,New England Patriots,betmgm,2024-12-12T00:36:51Z
Under,1.91,46.0,c562ac548944fe897e62f4a142de4d54,americanfootball_nfl,2024-12-15T21:25:00Z,Arizona Cardinals,New England Patriots,betmgm,2024-12-12T00:36:51Z
Over,1.87,46.0,c562ac548944fe897e62f4a142de4d54,americanfootball_nfl,2024-12-15T21:25:00Z,Arizona Cardinals,New England Patriots,bovada,2024-12-12T00:36:51Z
Under,1.95,46.0,c562ac548944fe897e62f4a142de4d54,americanfootball_nfl,2024-12-15T21:25:00Z,Arizona Cardinals,New England Patriots,bovada,2024-12-12T00:36:51Z
Over,1.91,54.5,f3d85c6f4152c6f9c28df5332d7d01ae,americanfootball_nfl,2024-12-15T21:25:00Z,Detroit Lions,Buffalo Bills,draftkings,2024-12-12T00:36:51Z
Under,1.91,54.5,f3d85c6f4152c6f9c28df5332d7d01ae,americanfootball_nfl,2024-12-15T21:25:00Z,Detroit Lions,Buffalo Bills,draftkings,2024-12-12T00:36:51Z
Over,1.95,54.5,f3d85c6f4152c6f9c28df5332d7d01ae,americanfootball_nfl,2024-12-15T21:25:00Z,Detroit Lions,Buffalo Bills,fanduel,2024-12-12T00:37:38Z
Under,1.87,54.5,f3d85c6f4152c6f9c28df5332d7d01ae,americanfootball_nfl,2024-12-15T21:25:00Z,Detroit Lions,Buffalo Bills,fanduel,2024-12-12T00:37:38Z
Over,1.98,54.5,f3d85c6f4152c6f9c28df5332d7d01ae,americanfootball_nfl,2024-12-15T21:25:00Z,Detroit Lions,Buffalo Bills,lowvig,2024-12-12T00:36:51Z
Under,1.88,54.5,f3d85c6f4152c6f9c28df5332d7d01ae,americanfootball_nfl,2024-12-15T21:25:00Z,Detroit Lions,Buffalo Bills,lowvig,2024-12-12T00:36:51Z
Over,1.95,54.5,f3d85c6f4152c6f9c28df5332d7d01ae,americanfootball_nfl,2024-12-15T21:25:00Z,Detroit Lions,Buffalo Bills,betonlineag,2024-12-12T00:37:49Z
Under,1.87,54.5,f3d85c6f4152c6f9c28df5332d7d01ae,americanfootball_nfl,2024-12-15T21:25:00Z,Detroit Lions,Buffalo Bills,betonlineag,2024-12-12T00:37:49Z
Over,1.91,54.5,f3d85c6f4152c6f9c28df5332d7d01ae,americanfootball_nfl,2024-12-15T21:25:00Z,Detroit Lions,Buffalo Bills,betus,2024-12-12T00:36:52Z
Under,1.91,54.5,f3d85c6f4152c6f9c28df5332d7d01ae,americanfootball_nfl,2024-12-15T21:25:00Z,Detroit Lions,Buffalo Bills,betus,2024-12-12T00:36:52Z
Over,1.91,54.5,f3d85c6f4152c6f9c28df5332d7d01ae,americanfootball_nfl,2024-12-15T21:25:00Z,Detroit Lions,Buffalo Bills,mybookieag,2024-12-12T00:36:06Z
Under,1.91,54.5,f3d85c6f4152c6f9c28df5332d7d01ae,americanfootball_nfl,2024-12-15T21:25:00Z,Detroit Lions,Buffalo Bills,mybookieag,2024-12-12T00:36:06Z
Over,1.89,54.0,f3d85c6f4152c6f9c28df5332d7d01ae,americanfootball_nfl,2024-12-15T21:25:00Z,Detroit Lions,Buffalo Bills,betrivers,2024-12-12T00:36:51Z
Under,1.92,54.0,f3d85c6f4152c6f9c28df5332d7d01ae,americanfootball_nfl,2024-12-15T21:25:00Z,Detroit Lions,Buffalo Bills,betrivers,2024-12-12T00:36:51Z
Over,1.91,54.5,f3d85c6f4152c6f9c28df5332d7d01ae,americanfootball_nfl,2024-12-15T21:25:00Z,Detroit Lions,Buffalo Bills,betmgm,2024-12-12T00:36:51Z
Under,1.91,54.5,f3d85c6f4152c6f9c28df5332d7d01ae,americanfootball_nfl,2024-12-15T21:25:00Z,Detroit Lions,Buffalo Bills,betmgm,2024-12-12T00:36:51Z
Over,1.91,54.5,f3d85c6f4152c6f9c28df5332d7d01ae,americanfootball_nfl,2024-12-15T21:25:00Z,Detroit Lions,Buffalo Bills,bovada,2024-12-12T00:36:51Z
Under,1.91,54.5,f3d85c6f4152c6f9c28df5332d7d01ae,americanfootball_nfl,2024-12-15T21:25:00Z,Detroit Lions,Buffalo Bills,bovada,2024-12-12T00:36:51Z
Over,1.89,44.0,f3f5d87420f5bc34d3affc8f44a1c934,americanfootball_nfl,2024-12-15T21:25:00Z,Denver Broncos,Indianapolis Colts,draftkings,2024-12-12T00:36:51Z
Under,1.93,44.0,f3f5d87420f5bc34d3affc8f44a1c934,americanfootball_nfl,2024-12-15T21:25:00Z,Denver Broncos,Indianapolis Colts,draftkings,2024-12-12T00:36:51Z
Over,1.96,44.5,f3f5d87420f5bc34d3affc8f44a1c934,americanfootball_nfl,2024-12-15T21:25:00Z,Denver Broncos,Indianapolis Colts,fanduel,2024-12-12T00:37:38Z
Under,1.85,44.5,f3f5d87420f5bc34d3affc8f44a1c934,americanfootball_nfl,2024-12-15T21:25:00Z,Denver Broncos,Indianapolis Colts,fanduel,2024-12-12T00:37:38Z
Over,1.88,44.0,f3f5d87420f5bc34d3affc8f44a1c934,americanfootball_nfl,2024-12-15T21:25:00Z,Denver Broncos,Indianapolis Colts,lowvig,2024-12-12T00:36:51Z
Under,1.98,44.0,f3f5d87420f5bc34d3affc8f44a1c934,americanfootball_nfl,2024-12-15T21:25:00Z,Denver Broncos,Indianapolis Colts,lowvig,2024-12-12T00:36:51Z
Over,1.87,44.0,f3f5d87420f5bc34d3affc8f44a1c934,americanfootball_nfl,2024-12-15T21:25:00Z,Denver Broncos,Indianapolis Colts,betonlineag,2024-12-12T00:37:49Z
Under,1.95,44.0,f3f5d87420f5bc34d3affc8f44a1c934,americanfootball_nfl,2024-12-15T21:25:00Z,Denver Broncos,Indianapolis Colts,betonlineag,2024-12-12T00:37:49Z
Over,1.91,44.0,f3f5d87420f5bc34d3affc8f44a1c934,americanfootball_nfl,2024-12-15T21:25:00Z,Denver Broncos,Indianapolis Colts,betus,2024-12-12T00:36:52Z
Under,1.91,44.0,f3f5d87420f5bc34d3affc8f44a1c934,americanfootball_nfl,2024-12-15T21:25:00Z,Denver Broncos,Indianapolis Colts,betus,2024-12-12T00:36:52Z
Over,1.91,44.0,f3f5d87420f5bc34d3affc8f44a1c934,americanfootball_nfl,2024-12-15T21:25:00Z,Denver Broncos,Indianapolis Colts,mybookieag,2024-12-12T00:36:06Z
Under,1.91,44.0,f3f5d87420f5bc34d3affc8f44a1c934,americanfootball_nfl,2024-12-15T21:25:00Z,Denver Broncos,Indianapolis Colts,mybookieag,2024-12-12T00:36:06Z
Over,1.93,44.0,f3f5d87420f5bc34d3affc8f44a1c934,americanfootball_nfl,2024-12-15T21:25:00Z,Denver Broncos,Indianapolis Colts,betrivers,2024-12-12T00:36:51Z
Under,1.88,44.0,f3f5d87420f5bc34d3affc8f44a1c934,americanfootball_nfl,2024-12-15T21:25:00Z,Denver Broncos,Indianapolis Colts,betrivers,2024-12-12T00:36:51Z
Over,1.91,44.5,f3f5d87420f5bc34d3affc8f44a1c934,americanfootball_nfl,2024-12-15T21:25:00Z,Denver Broncos,Indianapolis Colts,betmgm,2024-12-12T00:36:51Z
Under,1.91,44.5,f3f5d87420f5bc34d3affc8f44a1c934,americanfootball_nfl,2024-12-15T21:25:00Z,Denver Broncos,Indianapolis Colts,betmgm,2024-12-12T00:36:51Z
Over,1.91,44.0,f3f5d87420f5bc34d3affc8f44a1c934,americanfootball_nfl,2024-12-15T21:25:00Z,Denver Broncos,Indianapolis Colts,bovada,2024-12-12T00:36:51Z
Under,1.91,44.0,f3f5d87420f5bc34d3affc8f44a1c934,americanfootball_nfl,2024-12-15T21:25:00Z,Denver Broncos,Indianapolis Colts,bovada,2024-12-12T00:36:51Z
Over,1.93,45.5,531a7692ed7474109ad7d6e331751234,americanfootball_nfl,2024-12-15T21:25:00Z,Los Angeles Chargers,Tampa Bay Buccaneers,draftkings,2024-12-12T00:36:51Z
Under,1.89,45.5,531a7692ed7474109ad7d6e331751234,americanfootball_nfl,2024-12-15T21:25:00Z,Los Angeles Chargers,Tampa Bay Buccaneers,draftkings,2024-12-12T00:36:51Z
Over,1.91,45.5,531a7692ed7474109ad7d6e331751234,americanfootball_nfl,2024-12-15T21:25:00Z,Los Angeles Chargers,Tampa Bay Buccaneers,betus,2024-12-12T00:36:52Z
Under,1.91,45.5,531a7692ed7474109ad7d6e331751234,americanfootball_nfl,2024-12-15T21:25:00Z,Los Angeles Chargers,Tampa Bay Buccaneers,betus,2024-12-12T00:36:52Z
Over,1.95,45.5,531a7692ed7474109ad7d6e331751234,americanfootball_nfl,2024-12-15T21:25:00Z,Los Angeles Chargers,Tampa Bay Buccaneers,fanduel,2024-12-12T00:37:38Z
Under,1.87,45.5,531a7692ed7474109ad7d6e331751234,americanfootball_nfl,2024-12-15T21:25:00Z,Los Angeles Chargers,Tampa Bay Buccaneers,fanduel,2024-12-12T00:37:38Z
Over,1.93,45.5,531a7692ed7474109ad7d6e331751234,americanfootball_nfl,2024-12-15T21:25:00Z,Los Angeles Chargers,Tampa Bay Buccaneers,lowvig,2024-12-12T00:36:51Z
Under,1.93,45.5,531a7692ed7474109ad7d6e331751234,americanfootball_nfl,2024-12-15T21:25:00Z,Los Angeles Chargers,Tampa Bay Buccaneers,lowvig,2024-12-12T00:36:51Z
Over,1.91,45.5,531a7692ed7474109ad7d6e331751234,americanfootball_nfl,2024-12-15T21:25:00Z,Los Angeles Chargers,Tampa Bay Buccaneers,betonlineag,2024-12-12T00:37:49Z
Under,1.91,45.5,531a7692ed7474109ad7d6e331751234,americanfootball_nfl,2024-12-15T21:25:00Z,Los Angeles Chargers,Tampa Bay Buccaneers,betonlineag,2024-12-12T00:37:49Z
Over,1.91,45.0,531a7692ed7474109ad7d6e331751234,americanfootball_nfl,2024-12-15T21:25:00Z,Los Angeles Chargers,Tampa Bay Buccaneers,mybookieag,2024-12-12T00:36:06Z
Under,1.91,45.0,531a7692ed7474109ad7d6e331751234,americanfootball_nfl,2024-12-15T21:25:00Z,Los Angeles Chargers,Tampa Bay Buccaneers,mybookieag,2024-12-12T00:36:06Z
Over,1.91,45.0,531a7692ed7474109ad7d6e331751234,americanfootball_nfl,2024-12-15T21:25:00Z,Los Angeles Chargers,Tampa Bay Buccaneers,betrivers,2024-12-12T00:36:51Z
Under,1.91,45.0,531a7692ed7474109ad7d6e331751234,americanfootball_nfl,2024-12-15T21:25:00Z,Los Angeles Chargers,Tampa Bay Buccaneers,betrivers,2024-12-12T00:36:51Z
Over,1.91,45.5,531a7692ed7474109ad7d6e331751234,americanfootball_nfl,2024-12-15T21:25:00Z,Los Angeles Chargers,Tampa Bay Buccaneers,betmgm,2024-12-12T00:36:51Z
Under,1.91,45.5,531a7692ed7474109ad7d6e331751234,americanfootball_nfl,2024-12-15T21:25:00Z,Los Angeles Chargers,Tampa Bay Buccaneers,betmgm,2024-12-12T00:36:51Z
Over,1.91,45.5,531a7692ed7474109ad7d6e331751234,americanfootball_nfl,2024-12-15T21:25:00Z,Los Angeles Chargers,Tampa Bay Buccaneers,bovada,2024-12-12T00:36:51Z
Under,1.91,45.5,531a7692ed7474109ad7d6e331751234,americanfootball_nfl,2024-12-15T21:25:00Z,Los Angeles Chargers,Tampa Bay Buccaneers,bovada,2024-12-12T00:36:51Z
Over,1.91,42.5,9cec3324e93aa4ece67f4ed4447bc212,americanfootball_nfl,2024-12-15T21:25:00Z,Philadelphia Eagles,Pittsburgh Steelers,draftkings,2024-12-12T00:36:51Z
Under,1.91,42.5,9cec3324e93aa4ece67f4ed4447bc212,americanfootball_nfl,2024-12-15T21:25:00Z,Philadelphia Eagles,Pittsburgh Steelers,draftkings,2024-12-12T00:36:51Z
Over,1.91,42.0,9cec3324e93aa4ece67f4ed4447bc212,americanfootball_nfl,2024-12-15T21:25:00Z,Philadelphia Eagles,Pittsburgh Steelers,betus,2024-12-12T00:36:52Z
Under,1.91,42.0,9cec3324e93aa4ece67f4ed4447bc212,americanfootball_nfl,2024-12-15T21:25:00Z,Philadelphia Eagles,Pittsburgh Steelers,betus,2024-12-12T00:36:52Z
Over,1.91,42.5,9cec3324e93aa4ece67f4ed4447bc212,americanfootball_nfl,2024-12-15T21:25:00Z,Philadelphia Eagles,Pittsburgh Steelers,fanduel,2024-12-12T00:37:38Z
Under,1.91,42.5,9cec3324e93aa4ece67f4ed4447bc212,americanfootball_nfl,2024-12-15T21:25:00Z,Philadelphia Eagles,Pittsburgh Steelers,fanduel,2024-12-12T00:37:38Z
Over,1.88,42.0,9cec3324e93aa4ece67f4ed4447bc212,americanfootball_nfl,2024-12-15T21:25:00Z,Philadelphia Eagles,Pittsburgh Steelers,betonlineag,2024-12-12T00:37:49Z
Under,1.93,42.0,9cec3324e93aa4ece67f4ed4447bc212,americanfootball_nfl,2024-12-15T21:25:00Z,Philadelphia Eagles,Pittsburgh Steelers,betonlineag,2024-12-12T00:37:49Z
Over,1.91,42.0,9cec3324e93aa4ece67f4ed4447bc212,americanfootball_nfl,2024-12-15T21:25:00Z,Philadelphia Eagles,Pittsburgh Steelers,lowvig,2024-12-12T00:36:51Z
Under,1.96,42.0,9cec3324e93aa4ece67f4ed4447bc212,americanfootball_nfl,2024-12-15T21:25:00Z,Philadelphia Eagles,Pittsburgh Steelers,lowvig,2024-12-12T00:36:51Z
Over,1.91,42.5,9cec3324e93aa4ece67f4ed4447bc212,americanfootball_nfl,2024-12-15T21:25:00Z,Philadelphia Eagles,Pittsburgh Steelers,mybookieag,2024-12-12T00:36:06Z
Under,1.91,42.5,9cec3324e93aa4ece67f4ed4447bc212,americanfootball_nfl,2024-12-15T21:25:00Z,Philadelphia Eagles,Pittsburgh Steelers,mybookieag,2024-12-12T00:36:06Z
Over,1.91,42.5,9cec3324e93aa4ece67f4ed4447bc212,americanfootball_nfl,2024-12-15T21:25:00Z,Philadelphia Eagles,Pittsburgh Steelers,betrivers,2024-12-12T00:36:51Z
Under,1.91,42.5,9cec3324e93aa4ece67f4ed4447bc212,americanfootball_nfl,2024-12-15T21:25:00Z,Philadelphia Eagles,Pittsburgh Steelers,betrivers,2024-12-12T00:36:51Z
Over,1.91,42.5,9cec3324e93aa4ece67f4ed4447bc212,americanfootball_nfl,2024-12-15T21:25:00Z,Philadelphia Eagles,Pittsburgh Steelers,betmgm,2024-12-12T00:36:51Z
Under,1.91,42.5,9cec3324e93aa4ece67f4ed4447bc212,americanfootball_nfl,2024-12-15T21:25:00Z,Philadelphia Eagles,Pittsburgh Steelers,betmgm,2024-12-12T00:36:51Z
Over,1.91,42.5,9cec3324e93aa4ece67f4ed4447bc212,americanfootball_nfl,2024-12-15T21:25:00Z,Philadelphia Eagles,Pittsburgh Steelers,bovada,2024-12-12T00:36:51Z
Under,1.91,42.5,9cec3324e93aa4ece67f4ed4447bc212,americanfootball_nfl,2024-12-15T21:25:00Z,Philadelphia Eagles,Pittsburgh Steelers,bovada,2024-12-12T00:36:51Z
Over,1.89,45.5,d6e49bbdc498fb1113b86f472f93d8af,americanfootball_nfl,2024-12-16T01:20:00Z,Seattle Seahawks,Green Bay Packers,draftkings,2024-12-12T00:36:51Z
Under,1.93,45.5,d6e49bbdc498fb1113b86f472f93d8af,americanfootball_nfl,2024-12-16T01:20:00Z,Seattle Seahawks,Green Bay Packers,draftkings,2024-12-12T00:36:51Z
Over,1.95,46.0,d6e49bbdc498fb1113b86f472f93d8af,americanfootball_nfl,2024-12-16T01:20:00Z,Seattle Seahawks,Green Bay Packers,betus,2024-12-12T00:36:52Z
Under,1.87,46.0,d6e49bbdc498fb1113b86f472f93d8af,americanfootball_nfl,2024-12-16T01:20:00Z,Seattle Seahawks,Green Bay Packers,betus,2024-12-12T00:36:52Z
Over,1.95,46.5,d6e49bbdc498fb1113b86f472f93d8af,americanfootball_nfl,2024-12-16T01:20:00Z,Seattle Seahawks,Green Bay Packers,fanduel,2024-12-12T00:37:38Z
Under,1.87,46.5,d6e49bbdc498fb1113b86f472f93d8af,americanfootball_nfl,2024-12-16T01:20:00Z,Seattle Seahawks,Green Bay Packers,fanduel,2024-12-12T00:37:38Z
Over,1.93,45.5,d6e49bbdc498fb1113b86f472f93d8af,americanfootball_nfl,2024-12-16T01:20:00Z,Seattle Seahawks,Green Bay Packers,lowvig,2024-12-12T00:36:51Z
Under,1.93,45.5,d6e49bbdc498fb1113b86f472f93d8af,americanfootball_nfl,2024-12-16T01:20:00Z,Seattle Seahawks,Green Bay Packers,lowvig,2024-12-12T00:36:51Z
Over,1.91,45.5,d6e49bbdc498fb1113b86f472f93d8af,americanfootball_nfl,2024-12-16T01:20:00Z,Seattle Seahawks,Green Bay Packers,betonlineag,2024-12-12T00:37:49Z
Under,1.91,45.5,d6e49bbdc498fb1113b86f472f93d8af,americanfootball_nfl,2024-12-16T01:20:00Z,Seattle Seahawks,Green Bay Packers,betonlineag,2024-12-12T00:37:49Z
Over,1.91,45.5,d6e49bbdc498fb1113b86f472f93d8af,americanfootball_nfl,2024-12-16T01:20:00Z,Seattle Seahawks,Green Bay Packers,mybookieag,2024-12-12T00:36:06Z
Under,1.91,45.5,d6e49bbdc498fb1113b86f472f93d8af,americanfootball_nfl,2024-12-16T01:20:00Z,Seattle Seahawks,Green Bay Packers,mybookieag,2024-12-12T00:36:06Z
Over,1.89,45.5,d6e49bbdc498fb1113b86f472f93d8af,americanfootball_nfl,2024-12-16T01:20:00Z,Seattle Seahawks,Green Bay Packers,betrivers,2024-12-12T00:36:51Z
Under,1.92,45.5,d6e49bbdc498fb1113b86f472f93d8af,americanfootball_nfl,2024-12-16T01:20:00Z,Seattle Seahawks,Green Bay Packers,betrivers,2024-12-12T00:36:51Z
Over,1.91,46.0,d6e49bbdc498fb1113b86f472f93d8af,americanfootball_nfl,2024-12-16T01:20:00Z,Seattle Seahawks,Green Bay Packers,betmgm,2024-12-12T00:36:51Z
Under,1.91,46.0,d6e49bbdc498fb1113b86f472f93d8af,americanfootball_nfl,2024-12-16T01:20:00Z,Seattle Seahawks,Green Bay Packers,betmgm,2024-12-12T00:36:51Z
Over,1.95,46.0,d6e49bbdc498fb1113b86f472f93d8af,americanfootball_nfl,2024-12-16T01:20:00Z,Seattle Seahawks,Green Bay Packers,bovada,2024-12-12T00:36:51Z
Under,1.87,46.0,d6e49bbdc498fb1113b86f472f93d8af,americanfootball_nfl,2024-12-16T01:20:00Z,Seattle Seahawks,Green Bay Packers,bovada,2024-12-12T00:36:51Z
Over,1.89,43.5,307cc09543c511d894a76fef99e429bb,americanfootball_nfl,2024-12-17T01:00:00Z,Minnesota Vikings,Chicago Bears,draftkings,2024-12-12T00:36:51Z
Under,1.93,43.5,307cc09543c511d894a76fef99e429bb,americanfootball_nfl,2024-12-17T01:00:00Z,Minnesota Vikings,Chicago Bears,draftkings,2024-12-12T00:36:51Z
Over,1.93,44.5,307cc09543c511d894a76fef99e429bb,americanfootball_nfl,2024-12-17T01:00:00Z,Minnesota Vikings,Chicago Bears,fanduel,2024-12-12T00:37:38Z
Under,1.89,44.5,307cc09543c511d894a76fef99e429bb,americanfootball_nfl,2024-12-17T01:00:00Z,Minnesota Vikings,Chicago Bears,fanduel,2024-12-12T00:37:38Z
Over,1.93,43.5,307cc09543c511d894a76fef99e429bb,americanfootball_nfl,2024-12-17T01:00:00Z,Minnesota Vikings,Chicago Bears,lowvig,2024-12-12T00:36:51Z
Under,1.93,43.5,307cc09543c511d894a76fef99e429bb,americanfootball_nfl,2024-12-17T01:00:00Z,Minnesota Vikings,Chicago Bears,lowvig,2024-12-12T00:36:51Z
Over,1.91,43.5,307cc09543c511d894a76fef99e429bb,americanfootball_nfl,2024-12-17T01:00:00Z,Minnesota Vikings,Chicago Bears,betonlineag,2024-12-12T00:37:49Z
Under,1.91,43.5,307cc09543c511d894a76fef99e429bb,americanfootball_nfl,2024-12-17T01:00:00Z,Minnesota Vikings,Chicago Bears,betonlineag,2024-12-12T00:37:49Z
Over,1.91,43.5,307cc09543c511d894a76fef99e429bb,americanfootball_nfl,2024-12-17T01:00:00Z,Minnesota Vikings,Chicago Bears,betus,2024-12-12T00:36:52Z
Under,1.91,43.5,307cc09543c511d894a76fef99e429bb,americanfootball_nfl,2024-12-17T01:00:00Z,Minnesota Vikings,Chicago Bears,betus,2024-12-12T00:36:52Z
Over,1.91,43.5,307cc09543c511d894a76fef99e429bb,americanfootball_nfl,2024-12-17T01:00:00Z,Minnesota Vikings,Chicago Bears,mybookieag,2024-12-12T00:36:06Z
Under,1.91,43.5,307cc09543c511d894a76fef99e429bb,americanfootball_nfl,2024-12-17T01:00:00Z,Minnesota Vikings,Chicago Bears,mybookieag,2024-12-12T00:36:06Z
Over,1.88,43.5,307cc09543c511d894a76fef99e429bb,americanfootball_nfl,2024-12-17T01:00:00Z,Minnesota Vikings,Chicago Bears,betrivers,2024-12-12T00:36:51Z
Under,1.93,43.5,307cc09543c511d894a76fef99e429bb,americanfootball_nfl,2024-12-17T01:00:00Z,Minnesota Vikings,Chicago Bears,betrivers,2024-12-12T00:36:51Z
Over,1.91,43.5,307cc09543c511d894a76fef99e429bb,americanfootball_nfl,2024-12-17T01:00:00Z,Minnesota Vikings,Chicago Bears,betmgm,2024-12-12T00:36:51Z
Under,1.91,43.5,307cc09543c511d894a76fef99e429bb,americanfootball_nfl,2024-12-17T01:00:00Z,Minnesota Vikings,Chicago Bears,betmgm,2024-12-12T00:36:51Z
Over,1.91,44.0,307cc09543c511d894a76fef99e429bb,americanfootball_nfl,2024-12-17T01:00:00Z,Minnesota Vikings,Chicago Bears,bovada,2024-12-12T00:36:51Z
Under,1.91,44.0,307cc09543c511d894a76fef99e429bb,americanfootball_nfl,2024-12-17T01:00:00Z,Minnesota Vikings,Chicago Bears,bovada,2024-12-12T00:36:51Z
Over,1.87,44.0,b72078945287a94944a0ffefcd09c42c,americanfootball_nfl,2024-12-17T01:30:00Z,Las Vegas Raiders,Atlanta Falcons,draftkings,2024-12-12T00:36:51Z
Under,1.95,44.0,b72078945287a94944a0ffefcd09c42c,americanfootball_nfl,2024-12-17T01:30:00Z,Las Vegas Raiders,Atlanta Falcons,draftkings,2024-12-12T00:36:51Z
Over,1.95,44.5,b72078945287a94944a0ffefcd09c42c,americanfootball_nfl,2024-12-17T01:30:00Z,Las Vegas Raiders,Atlanta Falcons,fanduel,2024-12-12T00:37:38Z
Under,1.87,44.5,b72078945287a94944a0ffefcd09c42c,americanfootball_nfl,2024-12-17T01:30:00Z,Las Vegas Raiders,Atlanta Falcons,fanduel,2024-12-12T00:37:38Z
Over,1.98,44.5,b72078945287a94944a0ffefcd09c42c,americanfootball_nfl,2024-12-17T01:30:00Z,Las Vegas Raiders,Atlanta Falcons,lowvig,2024-12-12T00:36:51Z
Under,1.88,44.5,b72078945287a94944a0ffefcd09c42c,americanfootball_nfl,2024-12-17T01:30:00Z,Las Vegas Raiders,Atlanta Falcons,lowvig,2024-12-12T00:36:51Z
Over,1.95,44.5,b72078945287a94944a0ffefcd09c42c,americanfootball_nfl,2024-12-17T01:30:00Z,Las Vegas Raiders,Atlanta Falcons,betonlineag,2024-12-12T00:37:49Z
Under,1.87,44.5,b72078945287a94944a0ffefcd09c42c,americanfootball_nfl,2024-12-17T01:30:00Z,Las Vegas Raiders,Atlanta Falcons,betonlineag,2024-12-12T00:37:49Z
Over,1.91,44.0,b72078945287a94944a0ffefcd09c42c,americanfootball_nfl,2024-12-17T01:30:00Z,Las Vegas Raiders,Atlanta Falcons,betus,2024-12-12T00:36:52Z
Under,1.91,44.0,b72078945287a94944a0ffefcd09c42c,americanfootball_nfl,2024-12-17T01:30:00Z,Las Vegas Raiders,Atlanta Falcons,betus,2024-12-12T00:36:52Z
Over,1.91,44.5,b72078945287a94944a0ffefcd09c42c,americanfootball_nfl,2024-12-17T01:30:00Z,Las Vegas Raiders,Atlanta Falcons,mybookieag,2024-12-12T00:36:06Z
Under,1.91,44.5,b72078945287a94944a0ffefcd09c42c,americanfootball_nfl,2024-12-17T01:30:00Z,Las Vegas Raiders,Atlanta Falcons,mybookieag,2024-12-12T00:36:06Z
Over,1.88,44.0,b72078945287a94944a0ffefcd09c42c,americanfootball_nfl,2024-12-17T01:30:00Z,Las Vegas Raiders,Atlanta Falcons,betrivers,2024-12-12T00:36:51Z
Under,1.93,44.0,b72078945287a94944a0ffefcd09c42c,americanfootball_nfl,2024-12-17T01:30:00Z,Las Vegas Raiders,Atlanta Falcons,betrivers,2024-12-12T00:36:51Z
Over,1.91,44.0,b72078945287a94944a0ffefcd09c42c,americanfootball_nfl,2024-12-17T01:30:00Z,Las Vegas Raiders,Atlanta Falcons,betmgm,2024-12-12T00:36:51Z
Under,1.91,44.0,b72078945287a94944a0ffefcd09c42c,americanfootball_nfl,2024-12-17T01:30:00Z,Las Vegas Raiders,Atlanta Falcons,betmgm,2024-12-12T00:36:51Z
Over,1.91,44.5,b72078945287a94944a0ffefcd09c42c,americanfootball_nfl,2024-12-17T01:30:00Z,Las Vegas Raiders,Atlanta Falcons,bovada,2024-12-12T00:36:51Z
Under,1.91,44.5,b72078945287a94944a0ffefcd09c42c,americanfootball_nfl,2024-12-17T01:30:00Z,Las Vegas Raiders,Atlanta Falcons,bovada,2024-12-12T00:36:51Z
Over,1.95,42.5,a9bf9c4e9be5107617933461faf7f382,americanfootball_nfl,2024-12-20T01:16:00Z,Los Angeles Chargers,Denver Broncos,fanduel,2024-12-12T00:37:38Z
Under,1.87,42.5,a9bf9c4e9be5107617933461faf7f382,americanfootball_nfl,2024-12-20T01:16:00Z,Los Angeles Chargers,Denver Broncos,fanduel,2024-12-12T00:37:38Z
Over,1.91,42.0,a9bf9c4e9be5107617933461faf7f382,americanfootball_nfl,2024-12-20T01:16:00Z,Los Angeles Chargers,Denver Broncos,draftkings,2024-12-12T00:36:51Z
Under,1.91,42.0,a9bf9c4e9be5107617933461faf7f382,americanfootball_nfl,2024-12-20T01:16:00Z,Los Angeles Chargers,Denver Broncos,draftkings,2024-12-12T00:36:51Z
Over,1.91,42.0,a9bf9c4e9be5107617933461faf7f382,americanfootball_nfl,2024-12-20T01:16:00Z,Los Angeles Chargers,Denver Broncos,mybookieag,2024-12-12T00:36:06Z
Under,1.91,42.0,a9bf9c4e9be5107617933461faf7f382,americanfootball_nfl,2024-12-20T01:16:00Z,Los Angeles Chargers,Denver Broncos,mybookieag,2024-12-12T00:36:06Z
Over,1.93,42.0,a9bf9c4e9be5107617933461faf7f382,americanfootball_nfl,2024-12-20T01:16:00Z,Los Angeles Chargers,Denver Broncos,lowvig,2024-12-12T00:36:51Z
Under,1.93,42.0,a9bf9c4e9be5107617933461faf7f382,americanfootball_nfl,2024-12-20T01:16:00Z,Los Angeles Chargers,Denver Broncos,lowvig,2024-12-12T00:36:51Z
Over,1.91,42.0,a9bf9c4e9be5107617933461faf7f382,americanfootball_nfl,2024-12-20T01:16:00Z,Los Angeles Chargers,Denver Broncos,betonlineag,2024-12-12T00:37:49Z
Under,1.91,42.0,a9bf9c4e9be5107617933461faf7f382,americanfootball_nfl,2024-12-20T01:16:00Z,Los Angeles Chargers,Denver Broncos,betonlineag,2024-12-12T00:37:49Z
Over,1.91,44.5,5000078dc935bf60015a51c01eaee016,americanfootball_nfl,2024-12-21T18:01:00Z,Kansas City Chiefs,Houston Texans,draftkings,2024-12-12T00:36:51Z
Under,1.91,44.5,5000078dc935bf60015a51c01eaee016,americanfootball_nfl,2024-12-21T18:01:00Z,Kansas City Chiefs,Houston Texans,draftkings,2024-12-12T00:36:51Z
Over,1.95,44.5,5000078dc935bf60015a51c01eaee016,americanfootball_nfl,2024-12-21T18:01:00Z,Kansas City Chiefs,Houston Texans,fanduel,2024-12-12T00:37:38Z
Under,1.87,44.5,5000078dc935bf60015a51c01eaee016,americanfootball_nfl,2024-12-21T18:01:00Z,Kansas City Chiefs,Houston Texans,fanduel,2024-12-12T00:37:38Z
Over,1.91,44.5,5000078dc935bf60015a51c01eaee016,americanfootball_nfl,2024-12-21T18:01:00Z,Kansas City Chiefs,Houston Texans,mybookieag,2024-12-12T00:36:06Z
Under,1.91,44.5,5000078dc935bf60015a51c01eaee016,americanfootball_nfl,2024-12-21T18:01:00Z,Kansas City Chiefs,Houston Texans,mybookieag,2024-12-12T00:36:06Z
Over,1.98,44.0,5000078dc935bf60015a51c01eaee016,americanfootball_nfl,2024-12-21T18:01:00Z,Kansas City Chiefs,Houston Texans,lowvig,2024-12-12T00:36:51Z
Under,1.88,44.0,5000078dc935bf60015a51c01eaee016,americanfootball_nfl,2024-12-21T18:01:00Z,Kansas City Chiefs,Houston Texans,lowvig,2024-12-12T00:36:51Z
Over,1.95,44.0,5000078dc935bf60015a51c01eaee016,americanfootball_nfl,2024-12-21T18:01:00Z,Kansas City Chiefs,Houston Texans,betonlineag,2024-12-12T00:37:49Z
Under,1.87,44.0,5000078dc935bf60015a51c01eaee016,americanfootball_nfl,2024-12-21T18:01:00Z,Kansas City Chiefs,Houston Texans,betonlineag,2024-12-12T00:37:49Z
Over,1.91,46.5,77184e40f6e14084fd2c378c157640b8,americanfootball_nfl,2024-12-21T21:31:00Z,Baltimore Ravens,Pittsburgh Steelers,draftkings,2024-12-12T00:36:51Z
Under,1.91,46.5,77184e40f6e14084fd2c378c157640b8,americanfootball_nfl,2024-12-21T21:31:00Z,Baltimore Ravens,Pittsburgh Steelers,draftkings,2024-12-12T00:36:51Z
Over,1.91,46.5,77184e40f6e14084fd2c378c157640b8,americanfootball_nfl,2024-12-21T21:31:00Z,Baltimore Ravens,Pittsburgh Steelers,fanduel,2024-12-12T00:37:38Z
Under,1.91,46.5,77184e40f6e14084fd2c378c157640b8,americanfootball_nfl,2024-12-21T21:31:00Z,Baltimore Ravens,Pittsburgh Steelers,fanduel,2024-12-12T00:37:38Z
Over,1.91,46.5,77184e40f6e14084fd2c378c157640b8,americanfootball_nfl,2024-12-21T21:31:00Z,Baltimore Ravens,Pittsburgh Steelers,mybookieag,2024-12-12T00:36:06Z
Under,1.91,46.5,77184e40f6e14084fd2c378c157640b8,americanfootball_nfl,2024-12-21T21:31:00Z,Baltimore Ravens,Pittsburgh Steelers,mybookieag,2024-12-12T00:36:06Z
Over,1.93,46.5,77184e40f6e14084fd2c378c157640b8,americanfootball_nfl,2024-12-21T21:31:00Z,Baltimore Ravens,Pittsburgh Steelers,lowvig,2024-12-12T00:36:51Z
Under,1.93,46.5,77184e40f6e14084fd2c378c157640b8,americanfootball_nfl,2024-12-21T21:31:00Z,Baltimore Ravens,Pittsburgh Steelers,lowvig,2024-12-12T00:36:51Z
Over,1.91,46.5,77184e40f6e14084fd2c378c157640b8,americanfootball_nfl,2024-12-21T21:31:00Z,Baltimore Ravens,Pittsburgh Steelers,betonlineag,2024-12-12T00:37:49Z
Under,1.91,46.5,77184e40f6e14084fd2c378c157640b8,americanfootball_nfl,2024-12-21T21:31:00Z,Baltimore Ravens,Pittsburgh Steelers,betonlineag,2024-12-12T00:37:49Z
Over,1.91,46.0,36091a3b07686b0c7c912d4d4a244474,americanfootball_nfl,2024-12-22T18:01:00Z,Carolina Panthers,Arizona Cardinals,draftkings,2024-12-12T00:36:51Z
Under,1.91,46.0,36091a3b07686b0c7c912d4d4a244474,americanfootball_nfl,2024-12-22T18:01:00Z,Carolina Panthers,Arizona Cardinals,draftkings,2024-12-12T00:36:51Z
Over,1.95,45.5,36091a3b07686b0c7c912d4d4a244474,americanfootball_nfl,2024-12-22T18:01:00Z,Carolina Panthers,Arizona Cardinals,fanduel,2024-12-12T00:37:38Z
Under,1.87,45.5,36091a3b07686b0c7c912d4d4a244474,americanfootball_nfl,2024-12-22T18:01:00Z,Carolina Panthers,Arizona Cardinals,fanduel,2024-12-12T00:37:38Z
Over,1.91,46.0,36091a3b07686b0c7c912d4d4a244474,americanfootball_nfl,2024-12-22T18:01:00Z,Carolina Panthers,Arizona Cardinals,mybookieag,2024-12-12T00:36:06Z
Under,1.91,46.0,36091a3b07686b0c7c912d4d4a244474,americanfootball_nfl,2024-12-22T18:01:00Z,Carolina Panthers,Arizona Cardinals,mybookieag,2024-12-12T00:36:06Z
Over,1.91,46.5,36091a3b07686b0c7c912d4d4a244474,americanfootball_nfl,2024-12-22T18:01:00Z,Carolina Panthers,Arizona Cardinals,betonlineag,2024-12-12T00:37:49Z
Under,1.91,46.5,36091a3b07686b0c7c912d4d4a244474,americanfootball_nfl,2024-12-22T18:01:00Z,Carolina Panthers,Arizona Cardinals,betonlineag,2024-12-12T00:37:49Z
Over,1.93,46.5,36091a3b07686b0c7c912d4d4a244474,americanfootball_nfl,2024-12-22T18:01:00Z,Carolina Panthers,Arizona Cardinals,lowvig,2024-12-12T00:36:51Z
Under,1.93,46.5,36091a3b07686b0c7c912d4d4a244474,americanfootball_nfl,2024-12-22T18:01:00Z,Carolina Panthers,Arizona Cardinals,lowvig,2024-12-12T00:36:51Z
Over,1.91,41.5,9c6ae1f00e07b696e2dd19a0efb7be8f,americanfootball_nfl,2024-12-22T18:01:00Z,Atlanta Falcons,New York Giants,draftkings,2024-12-12T00:36:51Z
Under,1.91,41.5,9c6ae1f00e07b696e2dd19a0efb7be8f,americanfootball_nfl,2024-12-22T18:01:00Z,Atlanta Falcons,New York Giants,draftkings,2024-12-12T00:36:51Z
Over,1.91,41.5,9c6ae1f00e07b696e2dd19a0efb7be8f,americanfootball_nfl,2024-12-22T18:01:00Z,Atlanta Falcons,New York Giants,fanduel,2024-12-12T00:37:38Z
Under,1.91,41.5,9c6ae1f00e07b696e2dd19a0efb7be8f,americanfootball_nfl,2024-12-22T18:01:00Z,Atlanta Falcons,New York Giants,fanduel,2024-12-12T00:37:38Z
Over,1.91,41.5,9c6ae1f00e07b696e2dd19a0efb7be8f,americanfootball_nfl,2024-12-22T18:01:00Z,Atlanta Falcons,New York Giants,mybookieag,2024-12-12T00:36:06Z
Under,1.91,41.5,9c6ae1f00e07b696e2dd19a0efb7be8f,americanfootball_nfl,2024-12-22T18:01:00Z,Atlanta Falcons,New York Giants,mybookieag,2024-12-12T00:36:06Z
Over,1.93,41.5,9c6ae1f00e07b696e2dd19a0efb7be8f,americanfootball_nfl,2024-12-22T18:01:00Z,Atlanta Falcons,New York Giants,lowvig,2024-12-12T00:36:51Z
Under,1.93,41.5,9c6ae1f00e07b696e2dd19a0efb7be8f,americanfootball_nfl,2024-12-22T18:01:00Z,Atlanta Falcons,New York Giants,lowvig,2024-12-12T00:36:51Z
Over,1.91,41.5,9c6ae1f00e07b696e2dd19a0efb7be8f,americanfootball_nfl,2024-12-22T18:01:00Z,Atlanta Falcons,New York Giants,betonlineag,2024-12-12T00:37:49Z
Under,1.91,41.5,9c6ae1f00e07b696e2dd19a0efb7be8f,americanfootball_nfl,2024-12-22T18:01:00Z,Atlanta Falcons,New York Giants,betonlineag,2024-12-12T00:37:49Z
Over,1.91,46.5,987be0b1af962f068e2928a9067998c9,americanfootball_nfl,2024-12-22T18:01:00Z,Buffalo Bills,New England Patriots,draftkings,2024-12-12T00:36:51Z
Under,1.91,46.5,987be0b1af962f068e2928a9067998c9,americanfootball_nfl,2024-12-22T18:01:00Z,Buffalo Bills,New England Patriots,draftkings,2024-12-12T00:36:51Z
Over,1.95,46.5,987be0b1af962f068e2928a9067998c9,americanfootball_nfl,2024-12-22T18:01:00Z,Buffalo Bills,New England Patriots,fanduel,2024-12-12T00:37:38Z
Under,1.87,46.5,987be0b1af962f068e2928a9067998c9,americanfootball_nfl,2024-12-22T18:01:00Z,Buffalo Bills,New England Patriots,fanduel,2024-12-12T00:37:38Z
Over,1.91,46.5,987be0b1af962f068e2928a9067998c9,americanfootball_nfl,2024-12-22T18:01:00Z,Buffalo Bills,New England Patriots,mybookieag,2024-12-12T00:36:06Z
Under,1.91,46.5,987be0b1af962f068e2928a9067998c9,americanfootball_nfl,2024-12-22T18:01:00Z,Buffalo Bills,New England Patriots,mybookieag,2024-12-12T00:36:06Z
Over,1.93,46.5,987be0b1af962f068e2928a9067998c9,americanfootball_nfl,2024-12-22T18:01:00Z,Buffalo Bills,New England Patriots,lowvig,2024-12-12T00:36:51Z
Under,1.93,46.5,987be0b1af962f068e2928a9067998c9,americanfootball_nfl,2024-12-22T18:01:00Z,Buffalo Bills,New England Patriots,lowvig,2024-12-12T00:36:51Z
Over,1.91,46.5,987be0b1af962f068e2928a9067998c9,americanfootball_nfl,2024-12-22T18:01:00Z,Buffalo Bills,New England Patriots,betonlineag,2024-12-12T00:37:49Z
Under,1.91,46.5,987be0b1af962f068e2928a9067998c9,americanfootball_nfl,2024-12-22T18:01:00Z,Buffalo Bills,New England Patriots,betonlineag,2024-12-12T00:37:49Z
Over,1.91,46.0,534fd9bc355dbfa4d35156e6d59e3913,americanfootball_nfl,2024-12-22T18:01:00Z,Chicago Bears,Detroit Lions,draftkings,2024-12-12T00:36:51Z
Under,1.91,46.0,534fd9bc355dbfa4d35156e6d59e3913,americanfootball_nfl,2024-12-22T18:01:00Z,Chicago Bears,Detroit Lions,draftkings,2024-12-12T00:36:51Z
Over,1.91,46.5,534fd9bc355dbfa4d35156e6d59e3913,americanfootball_nfl,2024-12-22T18:01:00Z,Chicago Bears,Detroit Lions,fanduel,2024-12-12T00:37:38Z
Under,1.91,46.5,534fd9bc355dbfa4d35156e6d59e3913,americanfootball_nfl,2024-12-22T18:01:00Z,Chicago Bears,Detroit Lions,fanduel,2024-12-12T00:37:38Z
Over,1.91,47.0,534fd9bc355dbfa4d35156e6d59e3913,americanfootball_nfl,2024-12-22T18:01:00Z,Chicago Bears,Detroit Lions,mybookieag,2024-12-12T00:36:06Z
Under,1.91,47.0,534fd9bc355dbfa4d35156e6d59e3913,americanfootball_nfl,2024-12-22T18:01:00Z,Chicago Bears,Detroit Lions,mybookieag,2024-12-12T00:36:06Z
Over,1.91,48.0,534fd9bc355dbfa4d35156e6d59e3913,americanfootball_nfl,2024-12-22T18:01:00Z,Chicago Bears,Detroit Lions,betonlineag,2024-12-12T00:37:49Z
Under,1.91,48.0,534fd9bc355dbfa4d35156e6d59e3913,americanfootball_nfl,2024-12-22T18:01:00Z,Chicago Bears,Detroit Lions,betonlineag,2024-12-12T00:37:49Z
Over,1.93,48.0,534fd9bc355dbfa4d35156e6d59e3913,americanfootball_nfl,2024-12-22T18:01:00Z,Chicago Bears,Detroit Lions,lowvig,2024-12-12T00:36:51Z
Under,1.93,48.0,534fd9bc355dbfa4d35156e6d59e3913,americanfootball_nfl,2024-12-22T18:01:00Z,Chicago Bears,Detroit Lions,lowvig,2024-12-12T00:36:51Z
Over,1.91,49.5,134659e6aca5f32ceb1392398557953b,americanfootball_nfl,2024-12-22T18:01:00Z,Cincinnati Bengals,Cleveland Browns,fanduel,2024-12-12T00:37:38Z
Under,1.91,49.5,134659e6aca5f32ceb1392398557953b,americanfootball_nfl,2024-12-22T18:01:00Z,Cincinnati Bengals,Cleveland Browns,fanduel,2024-12-12T00:37:38Z
Over,1.91,49.0,134659e6aca5f32ceb1392398557953b,americanfootball_nfl,2024-12-22T18:01:00Z,Cincinnati Bengals,Cleveland Browns,draftkings,2024-12-12T00:36:51Z
Under,1.91,49.0,134659e6aca5f32ceb1392398557953b,americanfootball_nfl,2024-12-22T18:01:00Z,Cincinnati Bengals,Cleveland Browns,draftkings,2024-12-12T00:36:51Z
Over,1.91,49.5,134659e6aca5f32ceb1392398557953b,americanfootball_nfl,2024-12-22T18:01:00Z,Cincinnati Bengals,Cleveland Browns,mybookieag,2024-12-12T00:36:06Z
Under,1.91,49.5,134659e6aca5f32ceb1392398557953b,americanfootball_nfl,2024-12-22T18:01:00Z,Cincinnati Bengals,Cleveland Browns,mybookieag,2024-12-12T00:36:06Z
Over,1.93,50.0,134659e6aca5f32ceb1392398557953b,americanfootball_nfl,2024-12-22T18:01:00Z,Cincinnati Bengals,Cleveland Browns,lowvig,2024-12-12T00:36:51Z
Under,1.93,50.0,134659e6aca5f32ceb1392398557953b,americanfootball_nfl,2024-12-22T18:01:00Z,Cincinnati Bengals,Cleveland Browns,lowvig,2024-12-12T00:36:51Z
Over,1.91,50.0,134659e6aca5f32ceb1392398557953b,americanfootball_nfl,2024-12-22T18:01:00Z,Cincinnati Bengals,Cleveland Browns,betonlineag,2024-12-12T00:37:49Z
Under,1.91,50.0,134659e6aca5f32ceb1392398557953b,americanfootball_nfl,2024-12-22T18:01:00Z,Cincinnati Bengals,Cleveland Browns,betonlineag,2024-12-12T00:37:49Z
Over,1.91,42.0,f03bb31e9ff7b81ad1e18e36b7cdddb7,americanfootball_nfl,2024-12-22T18:01:00Z,Indianapolis Colts,Tennessee Titans,draftkings,2024-12-12T00:36:51Z
Under,1.91,42.0,f03bb31e9ff7b81ad1e18e36b7cdddb7,americanfootball_nfl,2024-12-22T18:01:00Z,Indianapolis Colts,Tennessee Titans,draftkings,2024-12-12T00:36:51Z
Over,1.91,42.5,f03bb31e9ff7b81ad1e18e36b7cdddb7,americanfootball_nfl,2024-12-22T18:01:00Z,Indianapolis Colts,Tennessee Titans,fanduel,2024-12-12T00:37:38Z
Under,1.91,42.5,f03bb31e9ff7b81ad1e18e36b7cdddb7,americanfootball_nfl,2024-12-22T18:01:00Z,Indianapolis Colts,Tennessee Titans,fanduel,2024-12-12T00:37:38Z
Over,1.91,42.5,f03bb31e9ff7b81ad1e18e36b7cdddb7,americanfootball_nfl,2024-12-22T18:01:00Z,Indianapolis Colts,Tennessee Titans,mybookieag,2024-12-12T00:36:06Z
Under,1.91,42.5,f03bb31e9ff7b81ad1e18e36b7cdddb7,americanfootball_nfl,2024-12-22T18:01:00Z,Indianapolis Colts,Tennessee Titans,mybookieag,2024-12-12T00:36:06Z
Over,1.91,42.0,f03bb31e9ff7b81ad1e18e36b7cdddb7,americanfootball_nfl,2024-12-22T18:01:00Z,Indianapolis Colts,Tennessee Titans,betonlineag,2024-12-12T00:37:49Z
Under,1.91,42.0,f03bb31e9ff7b81ad1e18e36b7cdddb7,americanfootball_nfl,2024-12-22T18:01:00Z,Indianapolis Colts,Tennessee Titans,betonlineag,2024-12-12T00:37:49Z
Over,1.93,42.0,f03bb31e9ff7b81ad1e18e36b7cdddb7,americanfootball_nfl,2024-12-22T18:01:00Z,Indianapolis Colts,Tennessee Titans,lowvig,2024-12-12T00:36:51Z
Under,1.93,42.0,f03bb31e9ff7b81ad1e18e36b7cdddb7,americanfootball_nfl,2024-12-22T18:01:00Z,Indianapolis Colts,Tennessee Titans,lowvig,2024-12-12T00:36:51Z
Over,1.91,46.5,d9ace22fff68cd1916da62a70491e424,americanfootball_nfl,2024-12-22T18:01:00Z,New York Jets,Los Angeles Rams,draftkings,2024-12-12T00:36:51Z
Under,1.91,46.5,d9ace22fff68cd1916da62a70491e424,americanfootball_nfl,2024-12-22T18:01:00Z,New York Jets,Los Angeles Rams,draftkings,2024-12-12T00:36:51Z
Over,1.95,44.5,d9ace22fff68cd1916da62a70491e424,americanfootball_nfl,2024-12-22T18:01:00Z,New York Jets,Los Angeles Rams,fanduel,2024-12-12T00:37:38Z
Under,1.87,44.5,d9ace22fff68cd1916da62a70491e424,americanfootball_nfl,2024-12-22T18:01:00Z,New York Jets,Los Angeles Rams,fanduel,2024-12-12T00:37:38Z
Over,1.91,46.0,d9ace22fff68cd1916da62a70491e424,americanfootball_nfl,2024-12-22T18:01:00Z,New York Jets,Los Angeles Rams,mybookieag,2024-12-12T00:36:06Z
Under,1.91,46.0,d9ace22fff68cd1916da62a70491e424,americanfootball_nfl,2024-12-22T18:01:00Z,New York Jets,Los Angeles Rams,mybookieag,2024-12-12T00:36:06Z
Over,1.91,48.0,7f9202e3018e484a3f30bc99422776fa,americanfootball_nfl,2024-12-22T18:01:00Z,Washington Commanders,Philadelphia Eagles,draftkings,2024-12-12T00:36:51Z
Under,1.91,48.0,7f9202e3018e484a3f30bc99422776fa,americanfootball_nfl,2024-12-22T18:01:00Z,Washington Commanders,Philadelphia Eagles,draftkings,2024-12-12T00:36:51Z
Over,1.95,47.5,7f9202e3018e484a3f30bc99422776fa,americanfootball_nfl,2024-12-22T18:01:00Z,Washington Commanders,Philadelphia Eagles,fanduel,2024-12-12T00:37:38Z
Under,1.87,47.5,7f9202e3018e484a3f30bc99422776fa,americanfootball_nfl,2024-12-22T18:01:00Z,Washington Commanders,Philadelphia Eagles,fanduel,2024-12-12T00:37:38Z
Over,1.91,47.5,7f9202e3018e484a3f30bc99422776fa,americanfootball_nfl,2024-12-22T18:01:00Z,Washington Commanders,Philadelphia Eagles,mybookieag,2024-12-12T00:36:06Z
Under,1.91,47.5,7f9202e3018e484a3f30bc99422776fa,americanfootball_nfl,2024-12-22T18:01:00Z,Washington Commanders,Philadelphia Eagles,mybookieag,2024-12-12T00:36:06Z
Over,1.93,47.0,7f9202e3018e484a3f30bc99422776fa,americanfootball_nfl,2024-12-22T18:01:00Z,Washington Commanders,Philadelphia Eagles,lowvig,2024-12-12T00:36:51Z
Under,1.93,47.0,7f9202e3018e484a3f30bc99422776fa,americanfootball_nfl,2024-12-22T18:01:00Z,Washington Commanders,Philadelphia Eagles,lowvig,2024-12-12T00:36:51Z
Over,1.91,47.0,7f9202e3018e484a3f30bc99422776fa,americanfootball_nfl,2024-12-22T18:01:00Z,Washington Commanders,Philadelphia Eagles,betonlineag,2024-12-12T00:37:49Z
Under,1.91,47.0,7f9202e3018e484a3f30bc99422776fa,americanfootball_nfl,2024-12-22T18:01:00Z,Washington Commanders,Philadelphia Eagles,betonlineag,2024-12-12T00:37:49Z
Over,1.91,45.5,87ed34522672eabe6cb5b85c34c4e8ce,americanfootball_nfl,2024-12-22T21:06:00Z,Seattle Seahawks,Minnesota Vikings,draftkings,2024-12-12T00:36:51Z
Under,1.91,45.5,87ed34522672eabe6cb5b85c34c4e8ce,americanfootball_nfl,2024-12-22T21:06:00Z,Seattle Seahawks,Minnesota Vikings,draftkings,2024-12-12T00:36:51Z
Over,1.96,45.5,87ed34522672eabe6cb5b85c34c4e8ce,americanfootball_nfl,2024-12-22T21:06:00Z,Seattle Seahawks,Minnesota Vikings,fanduel,2024-12-12T00:37:38Z
Under,1.85,45.5,87ed34522672eabe6cb5b85c34c4e8ce,americanfootball_nfl,2024-12-22T21:06:00Z,Seattle Seahawks,Minnesota Vikings,fanduel,2024-12-12T00:37:38Z
Over,1.91,45.5,87ed34522672eabe6cb5b85c34c4e8ce,americanfootball_nfl,2024-12-22T21:06:00Z,Seattle Seahawks,Minnesota Vikings,mybookieag,2024-12-12T00:36:06Z
Under,1.91,45.5,87ed34522672eabe6cb5b85c34c4e8ce,americanfootball_nfl,2024-12-22T21:06:00Z,Seattle Seahawks,Minnesota Vikings,mybookieag,2024-12-12T00:36:06Z
Over,1.91,39.5,d93e285150cc30bb71e930879219d26e,americanfootball_nfl,2024-12-22T21:26:00Z,Las Vegas Raiders,Jacksonville Jaguars,draftkings,2024-12-12T00:36:51Z
Under,1.91,39.5,d93e285150cc30bb71e930879219d26e,americanfootball_nfl,2024-12-22T21:26:00Z,Las Vegas Raiders,Jacksonville Jaguars,draftkings,2024-12-12T00:36:51Z
Over,1.87,39.5,d93e285150cc30bb71e930879219d26e,americanfootball_nfl,2024-12-22T21:26:00Z,Las Vegas Raiders,Jacksonville Jaguars,fanduel,2024-12-12T00:37:38Z
Under,1.95,39.5,d93e285150cc30bb71e930879219d26e,americanfootball_nfl,2024-12-22T21:26:00Z,Las Vegas Raiders,Jacksonville Jaguars,fanduel,2024-12-12T00:37:38Z
Over,1.91,39.5,d93e285150cc30bb71e930879219d26e,americanfootball_nfl,2024-12-22T21:26:00Z,Las Vegas Raiders,Jacksonville Jaguars,mybookieag,2024-12-12T00:36:06Z
Under,1.91,39.5,d93e285150cc30bb71e930879219d26e,americanfootball_nfl,2024-12-22T21:26:00Z,Las Vegas Raiders,Jacksonville Jaguars,mybookieag,2024-12-12T00:36:06Z
Over,1.91,39.5,d93e285150cc30bb71e930879219d26e,americanfootball_nfl,2024-12-22T21:26:00Z,Las Vegas Raiders,Jacksonville Jaguars,betonlineag,2024-12-12T00:37:49Z
Under,1.91,39.5,d93e285150cc30bb71e930879219d26e,americanfootball_nfl,2024-12-22T21:26:00Z,Las Vegas Raiders,Jacksonville Jaguars,betonlineag,2024-12-12T00:37:49Z
Over,1.93,39.5,d93e285150cc30bb71e930879219d26e,americanfootball_nfl,2024-12-22T21:26:00Z,Las Vegas Raiders,Jacksonville Jaguars,lowvig,2024-12-12T00:36:51Z
Under,1.93,39.5,d93e285150cc30bb71e930879219d26e,americanfootball_nfl,2024-12-22T21:26:00Z,Las Vegas Raiders,Jacksonville Jaguars,lowvig,2024-12-12T00:36:51Z
Over,1.91,48.0,b0e2f4e7023b4f29ca1e1e64f93726f2,americanfootball_nfl,2024-12-22T21:26:00Z,Miami Dolphins,San Francisco 49ers,draftkings,2024-12-12T00:36:51Z
Under,1.91,48.0,b0e2f4e7023b4f29ca1e1e64f93726f2,americanfootball_nfl,2024-12-22T21:26:00Z,Miami Dolphins,San Francisco 49ers,draftkings,2024-12-12T00:36:51Z
Over,1.87,47.5,b0e2f4e7023b4f29ca1e1e64f93726f2,americanfootball_nfl,2024-12-22T21:26:00Z,Miami Dolphins,San Francisco 49ers,fanduel,2024-12-12T00:37:38Z
Under,1.95,47.5,b0e2f4e7023b4f29ca1e1e64f93726f2,americanfootball_nfl,2024-12-22T21:26:00Z,Miami Dolphins,San Francisco 49ers,fanduel,2024-12-12T00:37:38Z
Over,1.91,48.5,b0e2f4e7023b4f29ca1e1e64f93726f2,americanfootball_nfl,2024-12-22T21:26:00Z,Miami Dolphins,San Francisco 49ers,mybookieag,2024-12-12T00:36:06Z
Under,1.91,48.5,b0e2f4e7023b4f29ca1e1e64f93726f2,americanfootball_nfl,2024-12-22T21:26:00Z,Miami Dolphins,San Francisco 49ers,mybookieag,2024-12-12T00:36:06Z
Over,1.91,49.0,b0e2f4e7023b4f29ca1e1e64f93726f2,americanfootball_nfl,2024-12-22T21:26:00Z,Miami Dolphins,San Francisco 49ers,betonlineag,2024-12-12T00:37:49Z
Under,1.91,49.0,b0e2f4e7023b4f29ca1e1e64f93726f2,americanfootball_nfl,2024-12-22T21:26:00Z,Miami Dolphins,San Francisco 49ers,betonlineag,2024-12-12T00:37:49Z
Over,1.93,49.0,b0e2f4e7023b4f29ca1e1e64f93726f2,americanfootball_nfl,2024-12-22T21:26:00Z,Miami Dolphins,San Francisco 49ers,lowvig,2024-12-12T00:36:51Z
Under,1.93,49.0,b0e2f4e7023b4f29ca1e1e64f93726f2,americanfootball_nfl,2024-12-22T21:26:00Z,Miami Dolphins,San Francisco 49ers,lowvig,2024-12-12T00:36:51Z
Over,1.91,47.0,beea49da0ca78cc5636fa84188603fa0,americanfootball_nfl,2024-12-23T01:21:00Z,Dallas Cowboys,Tampa Bay Buccaneers,draftkings,2024-12-12T00:36:51Z
Under,1.91,47.0,beea49da0ca78cc5636fa84188603fa0,americanfootball_nfl,2024-12-23T01:21:00Z,Dallas Cowboys,Tampa Bay Buccaneers,draftkings,2024-12-12T00:36:51Z
Over,1.91,47.5,beea49da0ca78cc5636fa84188603fa0,americanfootball_nfl,2024-12-23T01:21:00Z,Dallas Cowboys,Tampa Bay Buccaneers,fanduel,2024-12-12T00:37:38Z
Under,1.91,47.5,beea49da0ca78cc5636fa84188603fa0,americanfootball_nfl,2024-12-23T01:21:00Z,Dallas Cowboys,Tampa Bay Buccaneers,fanduel,2024-12-12T00:37:38Z
Over,1.91,47.0,beea49da0ca78cc5636fa84188603fa0,americanfootball_nfl,2024-12-23T01:21:00Z,Dallas Cowboys,Tampa Bay Buccaneers,mybookieag,2024-12-12T00:36:06Z
Under,1.91,47.0,beea49da0ca78cc5636fa84188603fa0,americanfootball_nfl,2024-12-23T01:21:00Z,Dallas Cowboys,Tampa Bay Buccaneers,mybookieag,2024-12-12T00:36:06Z
Over,1.88,46.5,beea49da0ca78cc5636fa84188603fa0,americanfootball_nfl,2024-12-23T01:21:00Z,Dallas Cowboys,Tampa Bay Buccaneers,lowvig,2024-12-12T00:36:51Z
Under,1.98,46.5,beea49da0ca78cc5636fa84188603fa0,americanfootball_nfl,2024-12-23T01:21:00Z,Dallas Cowboys,Tampa Bay Buccaneers,lowvig,2024-12-12T00:36:51Z
Over,1.87,46.5,beea49da0ca78cc5636fa84188603fa0,americanfootball_nfl,2024-12-23T01:21:00Z,Dallas Cowboys,Tampa Bay Buccaneers,betonlineag,2024-12-12T00:37:49Z
Under,1.95,46.5,beea49da0ca78cc5636fa84188603fa0,americanfootball_nfl,2024-12-23T01:21:00Z,Dallas Cowboys,Tampa Bay Buccaneers,betonlineag,2024-12-12T00:37:49Z
Over,1.93,41.5,14c12ef82be07b0dc984dd20d477bb8f,americanfootball_nfl,2024-12-24T01:16:00Z,Green Bay Packers,New Orleans Saints,draftkings,2024-12-12T00:36:51Z
Under,1.89,41.5,14c12ef82be07b0dc984dd20d477bb8f,americanfootball_nfl,2024-12-24T01:16:00Z,Green Bay Packers,New Orleans Saints,draftkings,2024-12-12T00:36:51Z
Over,1.96,42.5,14c12ef82be07b0dc984dd20d477bb8f,americanfootball_nfl,2024-12-24T01:16:00Z,Green Bay Packers,New Orleans Saints,fanduel,2024-12-12T00:37:38Z
Under,1.85,42.5,14c12ef82be07b0dc984dd20d477bb8f,americanfootball_nfl,2024-12-24T01:16:00Z,Green Bay Packers,New Orleans Saints,fanduel,2024-12-12T00:37:38Z
Over,1.91,42.0,14c12ef82be07b0dc984dd20d477bb8f,americanfootball_nfl,2024-12-24T01:16:00Z,Green Bay Packers,New Orleans Saints,mybookieag,2024-12-12T00:36:06Z
Under,1.91,42.0,14c12ef82be07b0dc984dd20d477bb8f,americanfootball_nfl,2024-12-24T01:16:00Z,Green Bay Packers,New Orleans Saints,mybookieag,2024-12-12T00:36:06Z
